order_id,order_item_id,product_id,seller_id,shipping_limit_date,price,freight_value
ord_0001,1,prod_0058,sell_0041,2025-09-01 22:26:00,314.79,36.76
ord_0002,1,prod_0039,sell_0008,2025-09-11 10:19:00,174.96,59.69
ord_0003,1,prod_0005,sell_0017,2025-06-13 22:42:00,637.98,51.60
ord_0003,2,prod_0074,sell_0029,2025-06-17 02:42:00,169.87,40.78
ord_0004,1,prod_0071,sell_0050,2025-08-18 20:23:00,431.18,43.55
ord_0006,1,prod_0029,sell_0018,2025-08-24 13:08:00,423.47,49.98
ord_0007,1,prod_0064,sell_0043,2025-06-22 21:11:00,1439.07,41.87
ord_0007,2,prod_0081,sell_0004,2025-06-23 08:11:00,205.94,34.35
ord_0008,1,prod_0070,sell_0050,2025-08-03 21:53:00,396.75,30.26
ord_0008,2,prod_0044,sell_0017,2025-08-08 05:53:00,990.75,28.48
ord_0008,3,prod_0012,sell_0017,2025-08-07 23:53:00,103.32,21.47
ord_0008,4,prod_0078,sell_0037,2025-08-04 03:53:00,96.03,63.20
ord_0009,1,prod_0098,sell_0030,2025-09-14 00:50:00,2275.44,27.51
ord_0009,2,prod_0049,sell_0003,2025-09-10 23:50:00,194.85,3.32
ord_0010,1,prod_0038,sell_0007,2025-08-12 07:28:00,1106.38,9.61
ord_0011,1,prod_0058,sell_0018,2025-08-17 19:09:00,142.00,37.06
ord_0011,2,prod_0063,sell_0037,2025-08-16 20:09:00,234.17,61.64
ord_0012,1,prod_0046,sell_0018,2025-10-03 22:13:00,129.06,41.25
ord_0012,2,prod_0085,sell_0006,2025-09-30 09:13:00,554.08,7.16
ord_0013,1,prod_0079,sell_0026,2025-08-19 11:42:00,139.66,17.36
ord_0013,2,prod_0052,sell_0036,2025-08-23 14:42:00,170.09,18.74
ord_0014,1,prod_0026,sell_0045,2025-08-01 15:49:00,164.38,6.03
ord_0015,1,prod_0068,sell_0044,2025-06-11 02:56:00,76.52,3.65
ord_0016,1,prod_0076,sell_0038,2025-06-12 10:33:00,83.01,55.53
ord_0017,1,prod_0004,sell_0031,2025-06-20 10:19:00,57.01,15.20
ord_0018,1,prod_0026,sell_0009,2025-09-26 19:19:00,41.03,8.13
ord_0018,2,prod_0030,sell_0023,2025-09-24 22:19:00,1196.76,36.29
ord_0018,3,prod_0030,sell_0005,2025-09-22 12:19:00,1083.36,35.69
ord_0018,4,prod_0071,sell_0006,2025-09-21 19:19:00,388.15,45.05
ord_0019,1,prod_0059,sell_0019,2025-07-28 13:50:00,123.09,40.82
ord_0019,2,prod_0028,sell_0022,2025-07-26 11:50:00,1538.79,24.49
ord_0019,3,prod_0040,sell_0036,2025-07-26 06:50:00,55.03,25.16
ord_0019,4,prod_0098,sell_0041,2025-07-28 02:50:00,131.65,27.91
ord_0020,1,prod_0088,sell_0003,2025-10-04 22:14:00,298.44,8.69
ord_0020,2,prod_0039,sell_0041,2025-10-01 19:14:00,145.47,60.39
ord_0021,1,prod_0081,sell_0036,2025-08-12 13:47:00,236.12,34.05
ord_0023,1,prod_0066,sell_0017,2025-09-07 23:06:00,203.85,27.31
ord_0024,1,prod_0096,sell_0027,2025-09-20 02:41:00,1876.63,50.81
ord_0024,2,prod_0026,sell_0017,2025-09-21 03:41:00,77.51,6.53
ord_0025,1,prod_0007,sell_0047,2025-09-08 16:01:00,56.22,20.12
ord_0026,1,prod_0072,sell_0006,2025-08-01 00:02:00,50.59,27.58
ord_0027,1,prod_0097,sell_0022,2025-09-13 18:51:00,1041.25,48.16
ord_0028,1,prod_0088,sell_0012,2025-08-02 04:43:00,36.17,7.39
ord_0030,1,prod_0025,sell_0013,2025-08-07 11:09:00,448.58,31.52
ord_0030,2,prod_0021,sell_0005,2025-08-07 17:09:00,667.54,12.85
ord_0031,1,prod_0020,sell_0018,2025-06-18 00:25:00,267.37,21.44
ord_0031,2,prod_0022,sell_0038,2025-06-11 18:25:00,382.27,30.36
ord_0031,3,prod_0046,sell_0006,2025-06-15 15:25:00,369.07,24.16
ord_0031,4,prod_0082,sell_0002,2025-06-13 08:25:00,465.86,33.92
ord_0032,1,prod_0013,sell_0039,2025-07-13 11:44:00,585.58,61.65
ord_0032,2,prod_0046,sell_0045,2025-07-18 11:44:00,334.65,42.75
ord_0032,3,prod_0066,sell_0039,2025-07-14 04:44:00,100.46,29.51
ord_0032,4,prod_0030,sell_0007,2025-07-18 14:44:00,1101.05,35.99
ord_0032,5,prod_0080,sell_0008,2025-07-16 17:44:00,676.65,48.65
ord_0034,1,prod_0011,sell_0043,2025-08-01 18:39:00,151.47,57.73
ord_0035,1,prod_0098,sell_0042,2025-06-15 12:00:00,2493.67,27.41
ord_0035,2,prod_0065,sell_0026,2025-06-16 01:00:00,1258.83,30.59
ord_0035,3,prod_0045,sell_0012,2025-06-13 21:00:00,1293.76,47.56
ord_0036,1,prod_0080,sell_0039,2025-08-11 10:36:00,328.13,48.55
ord_0036,2,prod_0046,sell_0023,2025-08-06 03:36:00,329.68,42.65
ord_0036,3,prod_0004,sell_0028,2025-08-11 00:36:00,164.47,17.30
ord_0036,4,prod_0036,sell_0041,2025-08-06 04:36:00,988.26,52.56
ord_0037,1,prod_0055,sell_0043,2025-07-03 15:08:00,146.14,62.44
ord_0038,1,prod_0021,sell_0033,2025-07-08 04:58:00,214.10,7.92
ord_0039,1,prod_0028,sell_0006,2025-06-10 20:22:00,1055.30,23.89
ord_0039,2,prod_0099,sell_0034,2025-06-15 04:22:00,218.95,20.44
ord_0040,1,prod_0099,sell_0031,2025-08-24 00:25:00,637.20,19.94
ord_0041,1,prod_0031,sell_0031,2025-09-03 21:35:00,603.92,24.86
ord_0041,2,prod_0017,sell_0002,2025-09-07 04:35:00,735.44,39.80
ord_0042,1,prod_0004,sell_0024,2025-06-06 10:52:00,11.56,16.20
ord_0042,2,prod_0094,sell_0016,2025-06-10 09:52:00,303.35,59.04
ord_0042,3,prod_0010,sell_0016,2025-06-06 20:52:00,686.51,22.42
ord_0043,1,prod_0016,sell_0034,2025-09-11 04:08:00,991.38,39.51
ord_0044,1,prod_0052,sell_0022,2025-08-24 11:15:00,180.42,18.34
ord_0044,2,prod_0066,sell_0035,2025-08-26 14:15:00,160.31,28.01
ord_0045,1,prod_0035,sell_0003,2025-07-27 15:31:00,69.52,44.29
ord_0045,2,prod_0022,sell_0027,2025-07-26 11:31:00,232.28,53.89
ord_0045,3,prod_0083,sell_0005,2025-07-27 16:31:00,407.37,18.01
ord_0045,4,prod_0020,sell_0030,2025-07-27 00:31:00,317.37,36.42
ord_0046,1,prod_0019,sell_0035,2025-06-14 21:18:00,1977.62,14.95
ord_0046,2,prod_0040,sell_0026,2025-06-16 22:18:00,144.32,25.16
ord_0046,3,prod_0020,sell_0024,2025-06-12 17:18:00,52.60,36.82
ord_0046,4,prod_0098,sell_0048,2025-06-16 19:18:00,50.79,28.71
ord_0047,1,prod_0049,sell_0014,2025-07-23 00:24:00,126.53,3.02
ord_0048,1,prod_0083,sell_0009,2025-08-01 20:12:00,209.30,17.11
ord_0049,1,prod_0056,sell_0013,2025-09-26 20:26:00,60.16,5.73
ord_0050,1,prod_0014,sell_0036,2025-06-15 15:27:00,192.22,21.57
ord_0051,1,prod_0026,sell_0017,2025-09-08 00:42:00,98.32,6.83
ord_0052,1,prod_0064,sell_0018,2025-09-16 20:04:00,2219.74,41.67
ord_0052,2,prod_0075,sell_0022,2025-09-16 02:04:00,47.91,3.70
ord_0053,1,prod_0084,sell_0012,2025-06-28 06:14:00,438.09,58.02
ord_0054,1,prod_0004,sell_0021,2025-08-11 06:21:00,171.62,15.40
ord_0055,1,prod_0031,sell_0005,2025-09-14 12:26:00,398.35,26.06
ord_0055,2,prod_0089,sell_0021,2025-09-14 18:26:00,1371.33,35.22
ord_0055,3,prod_0092,sell_0035,2025-09-10 14:26:00,476.62,24.33
ord_0055,4,prod_0022,sell_0009,2025-09-16 09:26:00,454.55,54.09
ord_0056,1,prod_0033,sell_0025,2025-08-07 19:38:00,446.19,3.35
ord_0058,1,prod_0039,sell_0039,2025-07-30 11:04:00,169.75,59.89
ord_0059,1,prod_0066,sell_0001,2025-06-09 02:02:00,358.94,28.21
ord_0059,2,prod_0022,sell_0007,2025-06-03 07:02:00,562.22,53.89
ord_0059,3,prod_0050,sell_0048,2025-06-08 20:02:00,246.63,48.60
ord_0059,4,prod_0040,sell_0012,2025-06-05 08:02:00,67.84,25.76
ord_0060,1,prod_0043,sell_0003,2025-07-16 21:04:00,210.70,35.62
ord_0061,1,prod_0031,sell_0027,2025-08-26 21:46:00,781.47,15.62
ord_0061,2,prod_0092,sell_0032,2025-08-28 14:46:00,262.98,15.00
ord_0061,3,prod_0073,sell_0044,2025-08-24 16:46:00,824.63,12.69
ord_0061,4,prod_0090,sell_0032,2025-08-27 22:46:00,229.04,8.41
ord_0062,1,prod_0029,sell_0028,2025-08-24 00:11:00,469.67,49.98
ord_0063,1,prod_0064,sell_0039,2025-08-15 12:15:00,1637.50,23.59
ord_0065,1,prod_0092,sell_0023,2025-09-13 17:03:00,525.44,12.90
ord_0066,1,prod_0090,sell_0025,2025-07-26 19:48:00,245.72,7.41
ord_0066,2,prod_0004,sell_0002,2025-07-27 07:48:00,118.72,10.14
ord_0067,1,prod_0026,sell_0024,2025-06-11 01:55:00,57.49,7.83
ord_0067,2,prod_0067,sell_0015,2025-06-15 18:55:00,169.03,18.85
ord_0067,3,prod_0024,sell_0049,2025-06-15 22:55:00,153.91,31.76
ord_0068,1,prod_0073,sell_0016,2025-10-02 07:05:00,1221.64,19.25
ord_0069,1,prod_0089,sell_0031,2025-08-07 21:25:00,1968.64,33.92
ord_0070,1,prod_0084,sell_0050,2025-08-29 07:21:00,1137.82,57.62
ord_0071,1,prod_0058,sell_0008,2025-06-23 09:32:00,678.71,37.76
ord_0071,2,prod_0093,sell_0026,2025-06-23 11:32:00,251.25,23.98
ord_0071,3,prod_0024,sell_0020,2025-06-20 16:32:00,54.12,31.36
ord_0073,1,prod_0027,sell_0019,2025-08-21 09:25:00,80.80,50.61
ord_0073,2,prod_0075,sell_0026,2025-08-20 06:25:00,90.69,3.70
ord_0074,1,prod_0048,sell_0025,2025-08-02 01:11:00,1807.18,10.72
ord_0075,1,prod_0016,sell_0019,2025-09-29 15:36:00,993.63,39.31
ord_0076,1,prod_0059,sell_0032,2025-07-05 08:48:00,35.76,42.82
ord_0076,2,prod_0043,sell_0007,2025-07-07 22:48:00,62.14,39.12
ord_0076,3,prod_0003,sell_0014,2025-07-05 16:48:00,484.11,51.29
ord_0076,4,prod_0033,sell_0010,2025-07-06 20:48:00,387.96,6.54
ord_0076,5,prod_0073,sell_0050,2025-07-04 10:48:00,1810.40,22.55
ord_0076,6,prod_0075,sell_0028,2025-07-05 14:48:00,180.22,6.50
ord_0076,7,prod_0060,sell_0035,2025-07-08 05:48:00,440.24,60.50
ord_0076,8,prod_0006,sell_0002,2025-07-09 12:48:00,108.25,47.14
ord_0077,1,prod_0038,sell_0033,2025-10-02 09:25:00,244.17,10.21
ord_0077,2,prod_0089,sell_0029,2025-10-05 08:25:00,781.89,35.12
ord_0077,3,prod_0005,sell_0019,2025-10-04 18:25:00,459.53,52.10
ord_0078,1,prod_0016,sell_0003,2025-10-06 08:54:00,1773.34,22.18
ord_0079,1,prod_0008,sell_0023,2025-08-28 15:22:00,263.18,17.65
ord_0080,1,prod_0100,sell_0042,2025-08-05 23:44:00,813.95,46.79
ord_0080,2,prod_0037,sell_0031,2025-08-06 00:44:00,1871.40,33.92
ord_0080,3,prod_0020,sell_0032,2025-08-05 02:44:00,278.73,36.42
ord_0080,4,prod_0077,sell_0004,2025-08-02 03:44:00,1499.95,29.98
ord_0081,1,prod_0041,sell_0048,2025-09-06 07:56:00,197.38,28.46
ord_0082,1,prod_0073,sell_0049,2025-09-06 18:11:00,229.09,19.05
ord_0083,1,prod_0057,sell_0031,2025-07-13 18:11:00,599.22,53.82
ord_0083,2,prod_0015,sell_0029,2025-07-13 22:11:00,365.75,9.97
ord_0083,3,prod_0013,sell_0028,2025-07-18 06:11:00,1148.43,61.75
ord_0083,4,prod_0030,sell_0033,2025-07-12 08:11:00,870.61,35.89
ord_0084,1,prod_0020,sell_0012,2025-09-02 20:29:00,279.71,35.12
ord_0085,1,prod_0093,sell_0050,2025-07-09 23:25:00,193.16,22.98
ord_0086,1,prod_0058,sell_0005,2025-09-03 16:33:00,289.15,38.26
ord_0086,2,prod_0006,sell_0016,2025-09-01 16:33:00,400.51,44.94
ord_0086,3,prod_0085,sell_0007,2025-09-05 02:33:00,578.80,8.36
ord_0086,4,prod_0025,sell_0045,2025-09-05 05:33:00,90.40,32.72
ord_0087,1,prod_0030,sell_0003,2025-09-06 21:48:00,1270.09,33.99
ord_0088,1,prod_0048,sell_0011,2025-09-04 00:51:00,881.05,17.65
ord_0089,1,prod_0093,sell_0035,2025-07-29 11:57:00,86.47,23.38
ord_0090,1,prod_0050,sell_0005,2025-09-17 04:25:00,172.04,51.20
ord_0090,2,prod_0065,sell_0035,2025-09-16 23:25:00,1071.83,33.89
ord_0090,3,prod_0002,sell_0044,2025-09-15 21:25:00,1527.16,17.88
ord_0090,4,prod_0030,sell_0019,2025-09-15 10:25:00,1012.40,38.09
ord_0090,5,prod_0042,sell_0026,2025-09-16 00:25:00,511.20,35.21
ord_0090,6,prod_0010,sell_0038,2025-09-16 11:25:00,352.35,24.32
ord_0090,7,prod_0007,sell_0032,2025-09-17 00:25:00,50.31,38.34
ord_0090,8,prod_0080,sell_0030,2025-09-19 08:25:00,540.20,49.75
ord_0091,1,prod_0097,sell_0017,2025-07-14 02:11:00,1110.62,28.12
ord_0091,2,prod_0020,sell_0010,2025-07-15 08:11:00,182.91,21.64
ord_0091,3,prod_0028,sell_0015,2025-07-15 14:11:00,2419.92,15.39
ord_0091,4,prod_0059,sell_0012,2025-07-17 10:11:00,146.87,24.01
ord_0092,1,prod_0088,sell_0044,2025-09-10 17:37:00,87.69,8.19
ord_0094,1,prod_0052,sell_0003,2025-08-22 16:30:00,290.45,18.44
ord_0094,2,prod_0052,sell_0027,2025-08-19 00:30:00,38.27,18.64
ord_0094,3,prod_0030,sell_0003,2025-08-23 23:30:00,1161.27,34.99
ord_0095,1,prod_0068,sell_0012,2025-09-24 15:01:00,227.51,6.75
ord_0095,2,prod_0089,sell_0018,2025-09-21 15:01:00,1755.92,38.02
ord_0095,3,prod_0092,sell_0012,2025-09-26 04:01:00,700.23,26.53
ord_0095,4,prod_0065,sell_0030,2025-09-23 09:01:00,656.12,33.09
ord_0095,5,prod_0041,sell_0032,2025-09-23 14:01:00,179.47,31.56
ord_0095,6,prod_0006,sell_0016,2025-09-26 14:01:00,76.12,47.14
ord_0095,7,prod_0065,sell_0046,2025-09-26 07:01:00,1249.16,33.69
ord_0095,8,prod_0082,sell_0003,2025-09-25 17:01:00,1460.97,62.55
ord_0096,1,prod_0053,sell_0035,2025-09-09 03:01:00,1499.19,10.08
ord_0097,1,prod_0069,sell_0009,2025-09-24 03:18:00,728.02,63.12
ord_0097,2,prod_0078,sell_0015,2025-09-22 20:18:00,49.49,63.00
ord_0098,1,prod_0007,sell_0007,2025-06-05 07:08:00,43.64,36.04
ord_0098,2,prod_0008,sell_0035,2025-06-09 19:08:00,718.32,18.45
ord_0098,3,prod_0006,sell_0045,2025-06-09 09:08:00,116.92,44.84
ord_0099,1,prod_0008,sell_0047,2025-08-10 01:07:00,711.78,18.55
ord_0099,2,prod_0062,sell_0017,2025-08-10 12:07:00,731.39,49.80
ord_0099,3,prod_0072,sell_0007,2025-08-14 03:07:00,13.64,29.28
ord_0099,4,prod_0044,sell_0050,2025-08-08 06:07:00,1119.67,28.28
ord_0100,1,prod_0046,sell_0024,2025-09-08 22:47:00,352.99,41.15
ord_0101,1,prod_0009,sell_0019,2025-07-04 08:33:00,230.41,26.87
ord_0101,2,prod_0041,sell_0013,2025-07-08 11:33:00,180.38,30.86
ord_0101,3,prod_0020,sell_0042,2025-07-03 10:33:00,248.55,36.92
ord_0101,4,prod_0098,sell_0024,2025-07-04 19:33:00,1697.06,28.61
ord_0101,5,prod_0054,sell_0047,2025-07-04 21:33:00,588.76,22.56
ord_0102,1,prod_0049,sell_0015,2025-08-16 01:31:00,5.77,3.32
ord_0102,2,prod_0060,sell_0006,2025-08-15 06:31:00,93.52,56.70
ord_0103,1,prod_0051,sell_0001,2025-07-31 12:52:00,120.49,17.97
ord_0103,2,prod_0070,sell_0048,2025-07-27 20:52:00,1186.47,17.06
ord_0103,3,prod_0092,sell_0017,2025-07-29 01:52:00,595.58,14.50
ord_0104,1,prod_0088,sell_0024,2025-07-26 23:23:00,242.50,8.89
ord_0104,2,prod_0040,sell_0023,2025-07-30 21:23:00,110.66,25.96
ord_0104,3,prod_0063,sell_0027,2025-07-28 07:23:00,84.76,62.64
ord_0104,4,prod_0070,sell_0046,2025-08-01 10:23:00,86.60,30.66
ord_0105,1,prod_0068,sell_0018,2025-09-06 03:04:00,287.32,5.15
ord_0105,2,prod_0091,sell_0040,2025-09-06 20:04:00,199.45,58.13
ord_0105,3,prod_0095,sell_0037,2025-09-03 00:04:00,1248.26,23.65
ord_0105,4,prod_0016,sell_0021,2025-09-06 06:04:00,1167.81,40.21
ord_0106,1,prod_0054,sell_0018,2025-08-20 20:50:00,1159.17,20.16
ord_0107,1,prod_0073,sell_0005,2025-09-19 07:17:00,1661.10,19.25
ord_0108,1,prod_0045,sell_0049,2025-09-29 10:58:00,811.28,46.36
ord_0109,1,prod_0065,sell_0031,2025-06-27 09:30:00,1022.32,17.12
ord_0110,1,prod_0019,sell_0011,2025-09-15 15:03:00,1444.92,13.45
ord_0111,1,prod_0076,sell_0033,2025-07-12 15:17:00,53.75,55.43
ord_0111,2,prod_0090,sell_0044,2025-07-13 02:17:00,145.76,10.99
ord_0112,1,prod_0090,sell_0038,2025-06-20 02:30:00,227.76,11.99
ord_0112,2,prod_0091,sell_0042,2025-06-20 07:30:00,187.70,58.13
ord_0112,3,prod_0024,sell_0031,2025-06-18 09:30:00,127.95,32.26
ord_0112,4,prod_0060,sell_0039,2025-06-20 00:30:00,424.09,58.30
ord_0113,1,prod_0055,sell_0045,2025-09-27 18:23:00,44.45,61.84
ord_0114,1,prod_0029,sell_0016,2025-08-26 10:49:00,692.89,51.18
ord_0114,2,prod_0015,sell_0041,2025-08-23 03:49:00,353.20,9.47
ord_0114,3,prod_0043,sell_0026,2025-08-26 09:49:00,171.92,36.82
ord_0115,1,prod_0054,sell_0035,2025-08-26 18:25:00,983.28,20.56
ord_0116,1,prod_0064,sell_0045,2025-10-07 05:19:00,201.36,43.27
ord_0116,2,prod_0020,sell_0003,2025-10-06 19:19:00,323.82,36.62
ord_0116,3,prod_0096,sell_0014,2025-10-05 10:19:00,1279.49,51.61
ord_0116,4,prod_0023,sell_0001,2025-10-04 19:19:00,127.90,59.26
ord_0117,1,prod_0049,sell_0010,2025-09-19 03:45:00,166.23,4.52
ord_0117,2,prod_0061,sell_0001,2025-09-14 12:45:00,755.25,61.02
ord_0117,3,prod_0034,sell_0016,2025-09-19 21:45:00,276.21,11.59
ord_0117,4,prod_0063,sell_0050,2025-09-19 16:45:00,166.07,62.84
ord_0118,1,prod_0086,sell_0028,2025-07-24 00:01:00,240.44,4.57
ord_0118,2,prod_0073,sell_0048,2025-07-28 00:01:00,544.64,20.45
ord_0118,3,prod_0048,sell_0043,2025-07-28 18:01:00,1483.94,17.85
ord_0119,1,prod_0006,sell_0022,2025-06-07 22:31:00,559.17,45.34
ord_0119,2,prod_0027,sell_0016,2025-06-07 00:31:00,381.94,51.61
ord_0119,3,prod_0029,sell_0048,2025-06-04 12:31:00,61.34,51.28
ord_0119,4,prod_0095,sell_0018,2025-06-05 04:31:00,1874.25,23.45
ord_0120,1,prod_0031,sell_0048,2025-06-10 22:45:00,277.74,24.76
ord_0121,1,prod_0045,sell_0019,2025-09-28 15:40:00,212.88,47.36
ord_0121,2,prod_0098,sell_0048,2025-09-26 11:40:00,2092.62,27.61
ord_0121,3,prod_0009,sell_0003,2025-10-01 01:40:00,30.13,25.07
ord_0122,1,prod_0004,sell_0023,2025-07-12 00:55:00,49.12,10.64
ord_0122,2,prod_0098,sell_0019,2025-07-09 21:55:00,2794.61,16.02
ord_0122,3,prod_0005,sell_0046,2025-07-11 02:55:00,149.87,29.59
ord_0123,1,prod_0051,sell_0014,2025-07-10 22:14:00,592.84,33.00
ord_0123,2,prod_0003,sell_0016,2025-07-13 06:14:00,733.25,51.09
ord_0123,3,prod_0019,sell_0042,2025-07-10 22:14:00,1130.49,15.75
ord_0123,4,prod_0042,sell_0024,2025-07-10 14:14:00,246.77,33.81
ord_0123,5,prod_0088,sell_0002,2025-07-07 02:14:00,464.78,10.09
ord_0123,6,prod_0024,sell_0034,2025-07-10 23:14:00,109.64,33.06
ord_0124,1,prod_0092,sell_0044,2025-10-01 09:40:00,349.67,24.23
ord_0124,2,prod_0041,sell_0039,2025-10-02 03:40:00,240.02,29.46
ord_0124,3,prod_0051,sell_0036,2025-09-29 05:40:00,350.93,31.50
ord_0125,1,prod_0016,sell_0044,2025-09-13 17:10:00,1758.67,38.71
ord_0126,1,prod_0049,sell_0026,2025-07-22 21:26:00,129.19,3.82
ord_0126,2,prod_0088,sell_0034,2025-07-26 13:26:00,400.67,9.19
ord_0126,3,prod_0050,sell_0031,2025-07-20 22:26:00,140.85,48.70
ord_0127,1,prod_0010,sell_0036,2025-06-12 00:14:00,1469.76,22.02
ord_0127,2,prod_0084,sell_0036,2025-06-10 10:14:00,95.20,59.02
ord_0127,3,prod_0068,sell_0043,2025-06-09 18:14:00,78.15,4.65
ord_0128,1,prod_0017,sell_0019,2025-09-03 07:12:00,1157.40,40.00
ord_0128,2,prod_0018,sell_0048,2025-09-02 14:12:00,257.81,50.18
ord_0129,1,prod_0042,sell_0010,2025-06-15 22:07:00,246.81,31.91
ord_0130,1,prod_0065,sell_0014,2025-09-07 06:15:00,2616.89,30.19
ord_0131,1,prod_0044,sell_0020,2025-07-25 17:34:00,312.13,15.69
ord_0132,1,prod_0034,sell_0033,2025-09-01 19:19:00,238.17,10.39
ord_0132,2,prod_0040,sell_0002,2025-08-28 19:19:00,178.30,24.76
ord_0133,1,prod_0096,sell_0029,2025-08-05 11:24:00,1057.12,50.61
ord_0133,2,prod_0015,sell_0047,2025-08-08 02:24:00,336.93,8.77
ord_0135,1,prod_0035,sell_0036,2025-10-01 13:12:00,216.53,42.79
ord_0136,1,prod_0001,sell_0014,2025-08-03 22:18:00,395.65,50.46
ord_0137,1,prod_0096,sell_0050,2025-06-04 22:58:00,920.57,50.91
ord_0138,1,prod_0039,sell_0004,2025-08-18 22:10:00,74.01,59.69
ord_0139,1,prod_0081,sell_0037,2025-06-30 12:18:00,198.29,21.88
ord_0139,2,prod_0078,sell_0034,2025-07-03 09:18:00,124.89,36.94
ord_0139,3,prod_0002,sell_0037,2025-07-04 21:18:00,1040.49,11.28
ord_0139,4,prod_0072,sell_0032,2025-07-05 09:18:00,220.42,18.23
ord_0139,5,prod_0049,sell_0033,2025-07-05 09:18:00,122.43,5.74
ord_0139,6,prod_0075,sell_0003,2025-07-03 23:18:00,152.24,5.53
ord_0140,1,prod_0027,sell_0028,2025-09-03 07:04:00,216.68,28.26
ord_0141,1,prod_0070,sell_0029,2025-07-03 23:32:00,792.11,28.36
ord_0142,1,prod_0065,sell_0032,2025-06-16 21:25:00,714.62,31.29
ord_0142,2,prod_0024,sell_0006,2025-06-20 08:25:00,210.47,32.26
ord_0142,3,prod_0054,sell_0049,2025-06-18 18:25:00,1137.71,21.66
ord_0142,4,prod_0069,sell_0010,2025-06-19 13:25:00,160.76,63.52
ord_0143,1,prod_0074,sell_0007,2025-08-12 18:35:00,46.78,42.88
ord_0143,2,prod_0047,sell_0019,2025-08-13 00:35:00,74.05,48.31
ord_0143,3,prod_0042,sell_0002,2025-08-18 19:35:00,317.72,33.91
ord_0143,4,prod_0021,sell_0028,2025-08-19 00:35:00,20.45,14.75
ord_0143,5,prod_0021,sell_0024,2025-08-14 13:35:00,757.49,15.15
ord_0144,1,prod_0063,sell_0045,2025-09-09 09:59:00,153.98,63.14
ord_0144,2,prod_0050,sell_0028,2025-09-13 08:59:00,189.04,49.90
ord_0144,3,prod_0028,sell_0001,2025-09-14 23:59:00,2158.11,25.59
ord_0144,4,prod_0054,sell_0018,2025-09-08 08:59:00,556.51,22.16
ord_0144,5,prod_0047,sell_0046,2025-09-11 09:59:00,451.10,48.31
ord_0145,1,prod_0026,sell_0036,2025-09-12 03:53:00,68.09,7.43
ord_0145,2,prod_0073,sell_0048,2025-09-12 05:53:00,1401.02,20.45
ord_0145,3,prod_0026,sell_0039,2025-09-07 13:53:00,117.51,7.83
ord_0146,1,prod_0054,sell_0037,2025-09-03 11:40:00,1110.05,21.36
ord_0146,2,prod_0045,sell_0001,2025-08-30 22:40:00,148.78,47.36
ord_0146,3,prod_0021,sell_0009,2025-09-01 03:40:00,26.90,14.15
ord_0147,1,prod_0039,sell_0050,2025-09-10 03:35:00,64.97,59.29
ord_0148,1,prod_0070,sell_0031,2025-07-06 18:29:00,271.41,29.06
ord_0148,2,prod_0048,sell_0026,2025-07-08 03:29:00,729.91,17.95
ord_0149,1,prod_0093,sell_0016,2025-07-15 14:42:00,91.17,26.68
ord_0149,2,prod_0090,sell_0001,2025-07-21 17:42:00,46.14,13.59
ord_0149,3,prod_0035,sell_0017,2025-07-20 07:42:00,148.72,46.29
ord_0149,4,prod_0030,sell_0036,2025-07-18 10:42:00,1264.88,37.49
ord_0149,5,prod_0044,sell_0005,2025-07-20 06:42:00,179.59,30.08
ord_0149,6,prod_0064,sell_0010,2025-07-20 18:42:00,1118.00,44.47
ord_0149,7,prod_0037,sell_0011,2025-07-20 01:42:00,956.13,36.32
ord_0149,8,prod_0002,sell_0035,2025-07-16 09:42:00,551.82,17.28
ord_0150,1,prod_0060,sell_0004,2025-06-21 08:15:00,272.76,56.80
ord_0151,1,prod_0097,sell_0024,2025-06-13 21:06:00,1458.04,27.62
ord_0151,2,prod_0013,sell_0027,2025-06-11 00:06:00,104.20,33.95
ord_0151,3,prod_0066,sell_0050,2025-06-12 14:06:00,256.48,16.38
ord_0152,1,prod_0037,sell_0026,2025-09-10 15:15:00,937.32,32.62
ord_0153,1,prod_0041,sell_0014,2025-09-04 22:11:00,207.08,28.66
ord_0154,1,prod_0028,sell_0012,2025-09-24 15:17:00,1615.91,23.79
ord_0154,2,prod_0069,sell_0023,2025-09-20 10:17:00,1022.34,63.42
ord_0154,3,prod_0038,sell_0017,2025-09-20 21:17:00,133.61,10.81
ord_0156,1,prod_0083,sell_0050,2025-08-15 08:48:00,1280.56,16.81
ord_0156,2,prod_0004,sell_0005,2025-08-10 04:48:00,105.10,16.50
ord_0157,1,prod_0077,sell_0010,2025-06-17 01:22:00,321.75,30.58
ord_0157,2,prod_0020,sell_0031,2025-06-12 08:22:00,68.30,36.42
ord_0157,3,prod_0054,sell_0029,2025-06-14 19:22:00,799.84,21.86
ord_0157,4,prod_0038,sell_0012,2025-06-13 03:22:00,460.43,10.71
ord_0158,1,prod_0055,sell_0031,2025-09-01 11:26:00,42.99,65.44
ord_0158,2,prod_0031,sell_0027,2025-09-02 01:26:00,117.02,27.76
ord_0158,3,prod_0063,sell_0003,2025-09-01 16:26:00,101.94,63.74
ord_0158,4,prod_0009,sell_0021,2025-09-02 01:26:00,244.34,27.67
ord_0158,5,prod_0078,sell_0021,2025-08-28 08:26:00,93.30,65.30
ord_0158,6,prod_0054,sell_0042,2025-09-01 00:26:00,774.24,23.56
ord_0158,7,prod_0037,sell_0015,2025-08-29 19:26:00,967.20,35.42
ord_0159,1,prod_0038,sell_0029,2025-07-22 03:39:00,869.29,9.01
ord_0161,1,prod_0013,sell_0043,2025-09-04 22:56:00,242.95,60.45
ord_0162,1,prod_0057,sell_0039,2025-09-04 11:19:00,434.61,52.72
ord_0163,1,prod_0093,sell_0005,2025-06-28 22:21:00,220.97,22.78
ord_0164,1,prod_0015,sell_0045,2025-07-11 00:44:00,225.59,8.17
ord_0164,2,prod_0039,sell_0031,2025-07-11 07:44:00,163.44,60.39
ord_0165,1,prod_0003,sell_0044,2025-08-22 07:52:00,1704.18,47.99
ord_0166,1,prod_0021,sell_0044,2025-08-24 04:56:00,695.71,13.15
ord_0167,1,prod_0093,sell_0025,2025-07-07 00:03:00,268.31,13.78
ord_0168,1,prod_0044,sell_0046,2025-07-18 17:08:00,763.84,27.08
ord_0168,2,prod_0014,sell_0018,2025-07-17 19:08:00,87.15,38.82
ord_0169,1,prod_0069,sell_0030,2025-07-16 07:40:00,757.47,64.32
ord_0169,2,prod_0076,sell_0012,2025-07-19 04:40:00,40.14,58.23
ord_0169,3,prod_0032,sell_0007,2025-07-18 03:40:00,81.83,16.73
ord_0169,4,prod_0075,sell_0026,2025-07-18 15:40:00,87.37,5.30
ord_0169,5,prod_0078,sell_0031,2025-07-15 19:40:00,191.50,64.20
ord_0169,6,prod_0009,sell_0032,2025-07-17 19:40:00,75.67,26.97
ord_0170,1,prod_0083,sell_0001,2025-09-22 06:42:00,1022.45,16.71
ord_0171,1,prod_0046,sell_0019,2025-08-27 15:09:00,381.59,41.55
ord_0172,1,prod_0030,sell_0039,2025-07-25 00:07:00,359.50,34.39
ord_0173,1,prod_0099,sell_0047,2025-09-04 20:55:00,386.75,21.44
ord_0173,2,prod_0047,sell_0005,2025-08-29 23:55:00,40.94,48.01
ord_0173,3,prod_0024,sell_0003,2025-09-01 14:55:00,114.05,32.66
ord_0173,4,prod_0012,sell_0020,2025-08-29 08:55:00,720.02,22.07
ord_0174,1,prod_0063,sell_0008,2025-07-30 03:59:00,21.38,61.34
ord_0175,1,prod_0030,sell_0039,2025-06-30 08:22:00,926.89,35.69
ord_0175,2,prod_0078,sell_0020,2025-07-01 03:22:00,177.36,64.00
ord_0175,3,prod_0059,sell_0012,2025-06-27 20:22:00,63.77,40.82
ord_0175,4,prod_0035,sell_0012,2025-06-26 03:22:00,145.39,44.29
ord_0176,1,prod_0096,sell_0044,2025-06-24 23:25:00,746.93,50.91
ord_0177,1,prod_0093,sell_0048,2025-09-19 13:49:00,129.83,23.38
ord_0179,1,prod_0048,sell_0032,2025-08-20 03:15:00,362.24,9.92
ord_0180,1,prod_0021,sell_0019,2025-07-29 02:44:00,658.74,12.85
ord_0180,2,prod_0003,sell_0023,2025-07-25 18:44:00,705.29,48.49
ord_0181,1,prod_0042,sell_0045,2025-08-11 17:46:00,618.89,32.41
ord_0181,2,prod_0074,sell_0049,2025-08-10 05:46:00,70.93,41.38
ord_0182,1,prod_0016,sell_0038,2025-09-19 16:19:00,1405.02,40.41
ord_0182,2,prod_0069,sell_0034,2025-09-21 18:19:00,220.82,63.32
ord_0182,3,prod_0093,sell_0039,2025-09-22 13:19:00,115.88,24.68
ord_0182,4,prod_0091,sell_0050,2025-09-24 13:19:00,129.37,58.33
ord_0183,1,prod_0029,sell_0001,2025-06-24 07:32:00,665.76,50.18
ord_0184,1,prod_0039,sell_0020,2025-09-20 09:22:00,108.94,60.39
ord_0184,2,prod_0084,sell_0049,2025-09-22 02:22:00,570.65,58.12
ord_0185,1,prod_0012,sell_0023,2025-08-18 23:38:00,262.57,20.17
ord_0186,1,prod_0039,sell_0014,2025-08-27 22:51:00,125.57,60.79
ord_0186,2,prod_0079,sell_0009,2025-08-30 08:51:00,259.80,18.96
ord_0186,3,prod_0052,sell_0018,2025-08-30 03:51:00,133.84,19.34
ord_0186,4,prod_0033,sell_0019,2025-08-28 12:51:00,973.94,4.94
ord_0187,1,prod_0082,sell_0049,2025-09-15 05:04:00,411.53,59.84
ord_0188,1,prod_0095,sell_0037,2025-10-02 02:56:00,561.71,21.95
ord_0189,1,prod_0058,sell_0034,2025-06-24 09:22:00,261.22,36.36
ord_0190,1,prod_0089,sell_0036,2025-08-02 10:33:00,342.97,35.02
ord_0190,2,prod_0015,sell_0027,2025-08-02 20:33:00,320.29,8.17
ord_0191,1,prod_0093,sell_0038,2025-07-09 16:04:00,187.10,24.08
ord_0191,2,prod_0080,sell_0001,2025-07-14 22:04:00,822.89,48.35
ord_0191,3,prod_0089,sell_0028,2025-07-16 04:04:00,1350.47,35.42
ord_0191,4,prod_0067,sell_0018,2025-07-12 05:04:00,1370.17,19.15
ord_0192,1,prod_0060,sell_0037,2025-08-13 01:11:00,278.81,58.10
ord_0192,2,prod_0002,sell_0002,2025-08-16 04:11:00,871.05,15.68
ord_0192,3,prod_0079,sell_0038,2025-08-14 08:11:00,383.87,18.36
ord_0192,4,prod_0059,sell_0021,2025-08-11 05:11:00,200.70,41.62
ord_0193,1,prod_0086,sell_0008,2025-06-17 22:49:00,110.63,4.57
ord_0193,2,prod_0022,sell_0035,2025-06-23 06:49:00,436.06,52.99
ord_0193,3,prod_0045,sell_0049,2025-06-22 13:49:00,1017.37,48.16
ord_0194,1,prod_0065,sell_0040,2025-09-09 12:42:00,1778.02,29.79
ord_0195,1,prod_0023,sell_0032,2025-09-27 13:52:00,94.17,58.86
ord_0195,2,prod_0072,sell_0003,2025-10-03 22:52:00,93.08,28.88
ord_0195,3,prod_0029,sell_0011,2025-10-02 21:52:00,550.91,51.28
ord_0195,4,prod_0077,sell_0012,2025-09-30 18:52:00,1334.28,30.18
ord_0196,1,prod_0066,sell_0043,2025-06-25 13:57:00,451.00,27.11
ord_0197,1,prod_0058,sell_0030,2025-09-11 22:45:00,576.62,36.36
ord_0198,1,prod_0047,sell_0041,2025-09-05 02:02:00,188.19,46.11
ord_0199,1,prod_0005,sell_0045,2025-09-03 10:51:00,86.33,51.90
ord_0200,1,prod_0100,sell_0012,2025-10-03 05:48:00,2693.57,48.29
ord_0200,2,prod_0011,sell_0006,2025-10-05 09:48:00,148.84,60.53
ord_0200,3,prod_0017,sell_0039,2025-10-06 16:48:00,255.99,42.70
ord_0200,4,prod_0062,sell_0049,2025-10-01 15:48:00,119.12,50.50
ord_0200,5,prod_0030,sell_0018,2025-10-06 22:48:00,619.69,36.99
ord_0200,6,prod_0086,sell_0025,2025-10-03 10:48:00,52.16,6.57
ord_0200,7,prod_0078,sell_0023,2025-10-06 05:48:00,168.86,65.10
ord_0201,1,prod_0045,sell_0014,2025-09-22 20:29:00,253.28,48.16
ord_0201,2,prod_0085,sell_0033,2025-09-22 17:29:00,1078.95,8.26
ord_0201,3,prod_0072,sell_0023,2025-09-18 00:29:00,370.80,28.98
ord_0202,1,prod_0031,sell_0025,2025-08-21 23:27:00,772.26,24.36
ord_0203,1,prod_0046,sell_0044,2025-09-14 21:11:00,125.46,41.15
ord_0204,1,prod_0047,sell_0039,2025-09-07 12:32:00,313.21,46.71
ord_0205,1,prod_0056,sell_0003,2025-06-19 05:17:00,14.31,6.03
ord_0205,2,prod_0037,sell_0012,2025-06-18 05:17:00,1710.49,32.72
ord_0206,1,prod_0079,sell_0031,2025-08-31 22:28:00,74.16,17.46
ord_0208,1,prod_0065,sell_0008,2025-09-11 17:26:00,462.52,33.39
ord_0208,2,prod_0062,sell_0031,2025-09-12 18:26:00,264.29,50.50
ord_0208,3,prod_0078,sell_0029,2025-09-14 03:26:00,54.24,65.10
ord_0208,4,prod_0018,sell_0029,2025-09-11 14:26:00,15.19,52.88
ord_0208,5,prod_0052,sell_0003,2025-09-14 07:26:00,201.59,21.24
ord_0208,6,prod_0012,sell_0005,2025-09-09 12:26:00,977.15,23.17
ord_0208,7,prod_0082,sell_0023,2025-09-11 11:26:00,1019.76,62.45
ord_0209,1,prod_0031,sell_0035,2025-10-02 12:40:00,776.61,24.76
ord_0210,1,prod_0011,sell_0038,2025-08-23 04:50:00,161.42,57.83
ord_0210,2,prod_0048,sell_0005,2025-08-23 12:50:00,2089.05,17.55
ord_0211,1,prod_0063,sell_0020,2025-07-16 01:21:00,64.81,64.44
ord_0211,2,prod_0100,sell_0018,2025-07-17 01:21:00,581.53,48.99
ord_0211,3,prod_0036,sell_0003,2025-07-21 01:21:00,948.51,55.16
ord_0211,4,prod_0019,sell_0025,2025-07-19 16:21:00,209.55,16.95
ord_0211,5,prod_0055,sell_0003,2025-07-17 13:21:00,194.02,65.74
ord_0211,6,prod_0055,sell_0021,2025-07-20 09:21:00,155.37,65.34
ord_0211,7,prod_0072,sell_0033,2025-07-20 09:21:00,52.19,31.68
ord_0211,8,prod_0062,sell_0010,2025-07-21 12:21:00,203.23,51.40
ord_0212,1,prod_0065,sell_0050,2025-08-13 20:36:00,2823.99,32.89
ord_0212,2,prod_0096,sell_0038,2025-08-09 22:36:00,998.50,53.41
ord_0212,3,prod_0068,sell_0048,2025-08-15 11:36:00,163.50,5.75
ord_0212,4,prod_0024,sell_0042,2025-08-13 22:36:00,217.83,33.26
ord_0212,5,prod_0089,sell_0037,2025-08-15 09:36:00,1549.73,36.82
ord_0212,6,prod_0049,sell_0026,2025-08-10 01:36:00,60.81,5.92
ord_0213,1,prod_0014,sell_0028,2025-07-25 22:34:00,300.24,40.12
ord_0213,2,prod_0079,sell_0019,2025-07-28 15:34:00,140.55,17.86
ord_0213,3,prod_0066,sell_0018,2025-07-24 09:34:00,406.79,28.51
ord_0214,1,prod_0030,sell_0010,2025-07-27 23:33:00,394.76,34.89
ord_0214,2,prod_0033,sell_0009,2025-07-24 04:33:00,353.46,3.94
ord_0215,1,prod_0036,sell_0019,2025-06-14 06:44:00,640.33,52.76
ord_0215,2,prod_0093,sell_0033,2025-06-12 03:44:00,50.61,24.48
ord_0215,3,prod_0081,sell_0031,2025-06-10 00:44:00,19.42,34.95
ord_0215,4,prod_0065,sell_0012,2025-06-12 18:44:00,2317.88,31.89
ord_0216,1,prod_0099,sell_0050,2025-06-30 06:23:00,724.56,20.84
ord_0216,2,prod_0056,sell_0004,2025-06-24 16:23:00,204.80,6.43
ord_0217,1,prod_0090,sell_0036,2025-08-09 06:42:00,242.12,11.49
ord_0217,2,prod_0023,sell_0010,2025-08-09 08:42:00,12.08,58.96
ord_0217,3,prod_0022,sell_0042,2025-08-07 03:42:00,237.62,53.39
ord_0218,1,prod_0043,sell_0022,2025-06-18 19:49:00,20.46,35.62
ord_0219,1,prod_0022,sell_0032,2025-08-28 08:28:00,142.90,53.29
ord_0219,2,prod_0085,sell_0035,2025-08-22 14:28:00,973.09,6.96
ord_0220,1,prod_0082,sell_0006,2025-08-18 09:13:00,827.33,60.65
ord_0220,2,prod_0048,sell_0028,2025-08-16 01:13:00,2128.95,17.85
ord_0220,3,prod_0054,sell_0011,2025-08-12 01:13:00,460.64,21.96
ord_0221,1,prod_0049,sell_0019,2025-07-08 09:28:00,36.06,3.82
ord_0221,2,prod_0043,sell_0023,2025-07-04 11:28:00,60.66,36.82
ord_0221,3,prod_0058,sell_0003,2025-07-09 09:28:00,858.22,37.56
ord_0222,1,prod_0048,sell_0006,2025-09-29 12:01:00,545.08,17.65
ord_0223,1,prod_0020,sell_0013,2025-08-29 20:56:00,130.35,35.12
ord_0224,1,prod_0020,sell_0005,2025-06-20 00:36:00,276.76,34.52
ord_0225,1,prod_0028,sell_0029,2025-06-27 12:57:00,1244.86,24.19
ord_0225,2,prod_0085,sell_0012,2025-06-24 15:57:00,946.31,8.26
ord_0225,3,prod_0043,sell_0050,2025-06-23 03:57:00,188.52,36.42
ord_0226,1,prod_0049,sell_0048,2025-06-28 21:51:00,73.22,4.72
ord_0226,2,prod_0064,sell_0027,2025-06-24 10:51:00,1217.89,42.47
ord_0226,3,prod_0086,sell_0043,2025-06-28 05:51:00,193.05,4.87
ord_0226,4,prod_0040,sell_0021,2025-06-24 00:51:00,167.71,25.96
ord_0227,1,prod_0052,sell_0018,2025-09-26 00:58:00,350.97,18.74
ord_0227,2,prod_0048,sell_0015,2025-09-23 06:58:00,1820.16,17.55
ord_0229,1,prod_0058,sell_0040,2025-08-19 12:19:00,989.01,36.76
ord_0230,1,prod_0094,sell_0031,2025-09-27 15:34:00,354.04,58.54
ord_0230,2,prod_0053,sell_0047,2025-09-24 05:34:00,941.12,17.11
ord_0231,1,prod_0025,sell_0040,2025-09-06 20:42:00,161.56,30.82
ord_0232,1,prod_0093,sell_0044,2025-06-18 05:01:00,271.88,24.18
ord_0232,2,prod_0092,sell_0042,2025-06-22 06:01:00,460.51,23.63
ord_0232,3,prod_0084,sell_0017,2025-06-19 07:01:00,1154.29,59.22
ord_0233,1,prod_0040,sell_0008,2025-09-12 14:21:00,159.61,23.66
ord_0234,1,prod_0037,sell_0007,2025-06-26 14:55:00,1992.94,32.42
ord_0235,1,prod_0025,sell_0033,2025-06-26 18:50:00,336.23,31.22
ord_0236,1,prod_0020,sell_0033,2025-07-23 21:54:00,349.25,35.22
ord_0236,2,prod_0078,sell_0014,2025-07-29 10:54:00,160.19,62.80
ord_0237,1,prod_0083,sell_0014,2025-10-01 06:57:00,706.56,18.61
ord_0237,2,prod_0068,sell_0008,2025-10-02 18:57:00,49.17,4.95
ord_0237,3,prod_0030,sell_0027,2025-09-30 21:57:00,618.90,35.89
ord_0237,4,prod_0024,sell_0033,2025-09-26 18:57:00,10.12,32.26
ord_0238,1,prod_0017,sell_0018,2025-07-05 01:00:00,808.47,39.10
ord_0239,1,prod_0034,sell_0012,2025-07-11 16:30:00,34.69,9.29
ord_0239,2,prod_0072,sell_0027,2025-07-12 06:30:00,360.15,18.53
ord_0239,3,prod_0025,sell_0032,2025-07-13 14:30:00,292.22,20.76
ord_0239,4,prod_0084,sell_0004,2025-07-13 18:30:00,137.31,35.16
ord_0239,5,prod_0064,sell_0003,2025-07-16 07:30:00,979.25,25.99
ord_0239,6,prod_0006,sell_0020,2025-07-15 11:30:00,363.30,27.09
ord_0239,7,prod_0035,sell_0048,2025-07-11 15:30:00,25.25,27.45
ord_0241,1,prod_0085,sell_0002,2025-07-22 03:57:00,1174.26,6.46
ord_0242,1,prod_0099,sell_0020,2025-09-08 13:44:00,105.40,19.94
ord_0243,1,prod_0071,sell_0004,2025-09-23 04:29:00,227.09,44.45
ord_0243,2,prod_0022,sell_0011,2025-09-23 11:29:00,164.37,54.29
ord_0243,3,prod_0074,sell_0029,2025-09-20 02:29:00,54.06,42.18
ord_0243,4,prod_0089,sell_0037,2025-09-24 19:29:00,658.72,35.62
ord_0244,1,prod_0006,sell_0032,2025-06-26 14:35:00,291.06,46.44
ord_0244,2,prod_0006,sell_0037,2025-06-29 15:35:00,482.63,46.44
ord_0244,3,prod_0100,sell_0045,2025-07-01 06:35:00,1937.11,48.69
ord_0244,4,prod_0066,sell_0030,2025-06-27 19:35:00,576.01,29.71
ord_0244,5,prod_0063,sell_0035,2025-06-28 09:35:00,43.55,63.74
ord_0244,6,prod_0065,sell_0031,2025-06-28 11:35:00,2064.34,32.99
ord_0244,7,prod_0049,sell_0044,2025-06-29 20:35:00,190.11,5.82
ord_0245,1,prod_0060,sell_0019,2025-09-26 04:53:00,152.34,57.70
ord_0245,2,prod_0063,sell_0003,2025-09-24 03:53:00,56.62,62.64
ord_0245,3,prod_0032,sell_0032,2025-09-25 12:53:00,343.01,15.53
ord_0245,4,prod_0015,sell_0049,2025-09-21 18:53:00,189.55,9.57
ord_0246,1,prod_0047,sell_0008,2025-08-08 19:35:00,161.23,47.51
ord_0246,2,prod_0080,sell_0003,2025-08-06 03:35:00,418.21,47.25
ord_0246,3,prod_0026,sell_0048,2025-08-06 04:35:00,14.88,7.83
ord_0247,1,prod_0006,sell_0031,2025-09-02 03:10:00,276.11,23.89
ord_0248,1,prod_0097,sell_0048,2025-08-04 03:44:00,689.32,49.66
ord_0248,2,prod_0094,sell_0007,2025-08-05 00:44:00,838.27,60.14
ord_0248,3,prod_0076,sell_0039,2025-08-01 04:44:00,121.18,56.63
ord_0248,4,prod_0029,sell_0037,2025-08-02 08:44:00,518.43,51.28
ord_0249,1,prod_0041,sell_0007,2025-08-11 19:36:00,150.64,28.26
ord_0250,1,prod_0065,sell_0001,2025-07-15 13:54:00,750.22,16.92
ord_0251,1,prod_0064,sell_0047,2025-07-31 22:30:00,694.63,23.69
ord_0251,2,prod_0034,sell_0019,2025-08-05 17:30:00,18.30,6.39
ord_0252,1,prod_0006,sell_0027,2025-09-09 06:00:00,25.68,43.04
ord_0253,1,prod_0059,sell_0024,2025-06-04 10:03:00,196.38,39.92
ord_0254,1,prod_0091,sell_0015,2025-06-05 12:55:00,241.66,59.73
ord_0254,2,prod_0080,sell_0012,2025-06-03 16:55:00,662.41,49.75
ord_0254,3,prod_0037,sell_0002,2025-06-07 21:55:00,825.07,35.72
ord_0254,4,prod_0095,sell_0031,2025-06-04 03:55:00,68.67,25.65
ord_0254,5,prod_0069,sell_0016,2025-06-06 22:55:00,1178.08,65.92
ord_0254,6,prod_0068,sell_0020,2025-06-10 14:55:00,139.99,6.75
ord_0254,7,prod_0009,sell_0016,2025-06-10 11:55:00,237.14,27.77
ord_0254,8,prod_0033,sell_0008,2025-06-05 21:55:00,294.67,7.33
ord_0255,1,prod_0057,sell_0015,2025-09-01 01:48:00,222.16,53.12
ord_0256,1,prod_0097,sell_0011,2025-07-10 07:00:00,2265.97,51.06
ord_0256,2,prod_0024,sell_0035,2025-07-10 03:00:00,22.99,33.66
ord_0256,3,prod_0064,sell_0006,2025-07-10 23:00:00,549.72,43.47
ord_0256,4,prod_0079,sell_0010,2025-07-13 09:00:00,478.59,19.16
ord_0256,5,prod_0055,sell_0035,2025-07-13 10:00:00,224.42,64.74
ord_0256,6,prod_0024,sell_0003,2025-07-13 03:00:00,41.68,33.66
ord_0257,1,prod_0014,sell_0040,2025-09-11 21:39:00,192.24,38.52
ord_0258,1,prod_0070,sell_0030,2025-07-12 01:08:00,364.93,32.06
ord_0258,2,prod_0005,sell_0016,2025-07-12 18:08:00,354.96,55.00
ord_0258,3,prod_0017,sell_0010,2025-07-12 04:08:00,1081.32,42.80
ord_0258,4,prod_0008,sell_0036,2025-07-08 21:08:00,423.94,21.15
ord_0258,5,prod_0096,sell_0010,2025-07-12 10:08:00,793.20,53.61
ord_0258,6,prod_0044,sell_0033,2025-07-08 02:08:00,911.33,29.68
ord_0258,7,prod_0076,sell_0011,2025-07-06 22:08:00,86.74,58.63
ord_0258,8,prod_0070,sell_0036,2025-07-12 03:08:00,707.54,32.66
ord_0259,1,prod_0048,sell_0036,2025-07-08 02:46:00,1295.34,18.75
ord_0259,2,prod_0059,sell_0003,2025-07-13 20:46:00,291.72,41.42
ord_0259,3,prod_0032,sell_0026,2025-07-12 03:46:00,318.98,15.93
ord_0259,4,prod_0006,sell_0022,2025-07-11 14:46:00,433.00,44.54
ord_0260,1,prod_0040,sell_0048,2025-08-21 06:55:00,135.28,24.36
ord_0260,2,prod_0063,sell_0015,2025-08-20 12:55:00,52.17,61.84
ord_0261,1,prod_0029,sell_0004,2025-09-25 12:42:00,54.75,49.98
ord_0262,1,prod_0086,sell_0021,2025-09-10 23:40:00,131.07,5.17
ord_0262,2,prod_0087,sell_0045,2025-09-09 10:40:00,97.50,21.12
ord_0262,3,prod_0085,sell_0044,2025-09-14 02:40:00,1114.80,7.66
ord_0263,1,prod_0019,sell_0009,2025-06-24 22:57:00,1202.91,13.65
ord_0264,1,prod_0002,sell_0025,2025-09-18 04:31:00,1009.11,15.88
ord_0264,2,prod_0033,sell_0031,2025-09-14 07:31:00,363.56,4.54
ord_0264,3,prod_0087,sell_0035,2025-09-16 19:31:00,188.41,22.22
ord_0264,4,prod_0002,sell_0013,2025-09-14 16:31:00,1008.83,15.48
ord_0265,1,prod_0077,sell_0034,2025-06-12 07:34:00,10.06,29.18
ord_0265,2,prod_0034,sell_0047,2025-06-10 18:34:00,112.00,9.99
ord_0266,1,prod_0061,sell_0013,2025-09-12 19:00:00,851.27,33.37
ord_0267,1,prod_0005,sell_0024,2025-09-05 17:58:00,684.34,52.40
ord_0267,2,prod_0008,sell_0035,2025-09-10 02:58:00,664.34,17.95
ord_0268,1,prod_0072,sell_0015,2025-07-11 12:46:00,8.69,28.98
ord_0268,2,prod_0083,sell_0040,2025-07-05 20:46:00,1200.25,17.31
ord_0268,3,prod_0011,sell_0018,2025-07-06 09:46:00,202.96,57.93
ord_0269,1,prod_0077,sell_0009,2025-09-08 13:59:00,1300.42,28.68
ord_0271,1,prod_0025,sell_0035,2025-06-11 16:30:00,355.86,31.02
ord_0272,1,prod_0090,sell_0031,2025-08-06 22:22:00,67.53,10.09
ord_0273,1,prod_0010,sell_0049,2025-08-27 19:43:00,2346.15,21.02
ord_0274,1,prod_0068,sell_0004,2025-09-24 02:30:00,48.28,3.65
ord_0276,1,prod_0091,sell_0040,2025-10-03 22:29:00,123.83,56.03
ord_0277,1,prod_0034,sell_0017,2025-10-01 07:04:00,230.61,9.29
ord_0278,1,prod_0009,sell_0023,2025-09-11 01:54:00,23.66,24.67
ord_0279,1,prod_0026,sell_0004,2025-07-10 12:54:00,166.12,7.13
ord_0279,2,prod_0057,sell_0035,2025-07-15 03:54:00,699.75,52.82
ord_0280,1,prod_0083,sell_0008,2025-07-14 05:08:00,1394.03,17.11
ord_0281,1,prod_0062,sell_0040,2025-08-25 19:23:00,766.88,51.30
ord_0281,2,prod_0096,sell_0020,2025-08-23 19:23:00,352.19,53.11
ord_0281,3,prod_0021,sell_0024,2025-08-23 10:23:00,763.03,15.95
ord_0281,4,prod_0035,sell_0029,2025-08-23 05:23:00,45.70,46.39
ord_0281,5,prod_0006,sell_0025,2025-08-28 13:23:00,343.56,46.04
ord_0281,6,prod_0021,sell_0020,2025-08-23 00:23:00,561.61,15.75
ord_0281,7,prod_0046,sell_0006,2025-08-23 03:23:00,273.61,44.15
ord_0282,1,prod_0078,sell_0016,2025-09-22 14:23:00,112.51,65.60
ord_0282,2,prod_0051,sell_0010,2025-09-25 10:23:00,340.51,33.80
ord_0282,3,prod_0063,sell_0032,2025-09-26 10:23:00,168.72,64.44
ord_0282,4,prod_0068,sell_0047,2025-09-21 04:23:00,40.49,7.55
ord_0282,5,prod_0003,sell_0029,2025-09-26 23:23:00,1776.01,52.09
ord_0282,6,prod_0047,sell_0003,2025-09-27 06:23:00,319.76,49.41
ord_0282,7,prod_0084,sell_0001,2025-09-27 13:23:00,327.50,61.72
ord_0282,8,prod_0057,sell_0046,2025-09-23 19:23:00,879.53,55.82
ord_0283,1,prod_0078,sell_0046,2025-08-12 12:56:00,101.26,62.10
ord_0284,1,prod_0088,sell_0036,2025-07-05 15:28:00,12.05,11.69
ord_0284,2,prod_0066,sell_0029,2025-07-01 20:28:00,132.28,30.41
ord_0284,3,prod_0046,sell_0011,2025-07-05 10:28:00,313.87,44.65
ord_0284,4,prod_0073,sell_0008,2025-07-05 19:28:00,897.12,23.15
ord_0284,5,prod_0040,sell_0034,2025-07-05 04:28:00,63.21,27.76
ord_0284,6,prod_0059,sell_0028,2025-06-30 03:28:00,127.11,43.62
ord_0284,7,prod_0005,sell_0006,2025-07-01 20:28:00,368.61,55.00
ord_0284,8,prod_0041,sell_0026,2025-07-05 09:28:00,152.58,32.36
ord_0285,1,prod_0092,sell_0036,2025-07-08 04:08:00,205.53,24.33
ord_0285,2,prod_0038,sell_0036,2025-07-08 17:08:00,1111.08,11.31
ord_0285,3,prod_0028,sell_0022,2025-07-13 23:08:00,2017.72,24.89
ord_0285,4,prod_0063,sell_0002,2025-07-12 03:08:00,227.22,62.64
ord_0286,1,prod_0081,sell_0039,2025-06-27 14:43:00,91.12,34.85
ord_0286,2,prod_0064,sell_0050,2025-06-24 10:43:00,389.26,42.77
ord_0286,3,prod_0017,sell_0013,2025-06-25 12:43:00,1054.02,39.90
ord_0287,1,prod_0099,sell_0018,2025-07-15 07:33:00,112.22,12.17
ord_0288,1,prod_0098,sell_0015,2025-09-03 13:49:00,1216.82,28.01
ord_0288,2,prod_0097,sell_0025,2025-09-04 00:49:00,924.60,49.16
ord_0288,3,prod_0006,sell_0015,2025-09-03 20:49:00,555.37,44.64
ord_0289,1,prod_0089,sell_0044,2025-09-13 18:26:00,204.06,34.32
ord_0290,1,prod_0026,sell_0045,2025-08-11 04:42:00,52.61,6.03
ord_0291,1,prod_0092,sell_0046,2025-07-03 11:52:00,953.75,26.73
ord_0291,2,prod_0039,sell_0022,2025-07-06 04:52:00,140.61,62.99
ord_0291,3,prod_0016,sell_0030,2025-07-09 08:52:00,1277.01,42.21
ord_0291,4,prod_0071,sell_0046,2025-07-03 23:52:00,402.54,47.05
ord_0291,5,prod_0091,sell_0041,2025-07-06 23:52:00,260.38,59.93
ord_0291,6,prod_0014,sell_0035,2025-07-07 16:52:00,79.92,41.82
ord_0291,7,prod_0099,sell_0015,2025-07-04 18:52:00,150.01,23.84
ord_0291,8,prod_0012,sell_0016,2025-07-03 18:52:00,46.81,23.87
ord_0292,1,prod_0080,sell_0038,2025-06-30 22:17:00,840.73,47.05
ord_0294,1,prod_0074,sell_0003,2025-08-12 07:31:00,244.18,41.38
ord_0294,2,prod_0056,sell_0021,2025-08-09 20:31:00,86.19,6.23
ord_0295,1,prod_0100,sell_0030,2025-07-15 19:13:00,271.14,45.49
ord_0296,1,prod_0036,sell_0015,2025-06-24 12:54:00,1022.36,51.66
ord_0297,1,prod_0023,sell_0016,2025-07-21 00:10:00,344.62,57.36
ord_0298,1,prod_0074,sell_0034,2025-08-11 16:09:00,153.16,40.68
ord_0299,1,prod_0024,sell_0017,2025-09-06 07:46:00,56.09,30.36
ord_0300,1,prod_0021,sell_0002,2025-07-28 17:05:00,81.18,7.92
ord_0301,1,prod_0090,sell_0041,2025-06-26 05:05:00,297.24,11.09
ord_0301,2,prod_0032,sell_0036,2025-06-26 02:05:00,343.30,15.03
ord_0301,3,prod_0029,sell_0040,2025-06-27 02:05:00,371.61,50.58
ord_0302,1,prod_0090,sell_0045,2025-06-18 06:21:00,6.00,10.09
ord_0304,1,prod_0033,sell_0005,2025-07-15 09:58:00,109.06,6.04
ord_0304,2,prod_0064,sell_0049,2025-07-14 01:58:00,638.07,44.57
ord_0304,3,prod_0053,sell_0027,2025-07-11 20:58:00,1043.72,20.21
ord_0304,4,prod_0020,sell_0019,2025-07-12 01:58:00,28.60,37.52
ord_0304,5,prod_0004,sell_0048,2025-07-11 04:58:00,56.67,18.60
ord_0304,6,prod_0056,sell_0046,2025-07-12 16:58:00,25.71,8.53
ord_0304,7,prod_0054,sell_0021,2025-07-12 22:58:00,328.85,23.76
ord_0305,1,prod_0029,sell_0043,2025-06-08 17:12:00,334.53,51.68
ord_0305,2,prod_0039,sell_0020,2025-06-08 06:12:00,170.43,60.79
ord_0305,3,prod_0064,sell_0006,2025-06-04 09:12:00,887.43,43.27
ord_0305,4,prod_0041,sell_0032,2025-06-06 07:12:00,187.18,30.16
ord_0306,1,prod_0060,sell_0045,2025-06-09 11:06:00,120.30,56.80
ord_0307,1,prod_0069,sell_0027,2025-07-29 17:29:00,718.62,62.22
ord_0308,1,prod_0004,sell_0005,2025-08-18 09:44:00,55.76,15.60
ord_0309,1,prod_0062,sell_0050,2025-06-13 00:01:00,1066.40,49.50
ord_0309,2,prod_0030,sell_0029,2025-06-11 02:01:00,1255.20,35.99
ord_0309,3,prod_0079,sell_0037,2025-06-11 00:01:00,10.99,19.46
ord_0309,4,prod_0050,sell_0024,2025-06-14 14:01:00,120.73,49.90
ord_0309,5,prod_0079,sell_0013,2025-06-14 07:01:00,153.01,19.05
ord_0310,1,prod_0061,sell_0008,2025-07-09 21:04:00,170.56,62.82
ord_0310,2,prod_0034,sell_0005,2025-07-08 13:04:00,68.62,12.99
ord_0310,3,prod_0040,sell_0022,2025-07-09 10:04:00,45.58,27.36
ord_0310,4,prod_0025,sell_0025,2025-07-15 06:04:00,660.67,34.52
ord_0310,5,prod_0036,sell_0026,2025-07-10 03:04:00,700.05,54.76
ord_0310,6,prod_0064,sell_0030,2025-07-12 22:04:00,1548.13,45.07
ord_0310,7,prod_0060,sell_0009,2025-07-15 06:04:00,47.05,60.10
ord_0310,8,prod_0004,sell_0016,2025-07-09 15:04:00,40.97,18.70
ord_0311,1,prod_0027,sell_0022,2025-09-08 20:18:00,176.97,50.61
ord_0311,2,prod_0062,sell_0025,2025-09-07 15:18:00,316.36,48.60
ord_0312,1,prod_0080,sell_0046,2025-08-01 00:33:00,1169.57,27.70
ord_0312,2,prod_0048,sell_0034,2025-07-26 14:33:00,1591.25,11.62
ord_0312,3,prod_0092,sell_0045,2025-07-31 16:33:00,526.38,14.80
ord_0312,4,prod_0056,sell_0047,2025-07-30 20:33:00,84.14,5.98
ord_0313,1,prod_0072,sell_0007,2025-09-03 10:32:00,276.86,27.58
ord_0314,1,prod_0087,sell_0007,2025-07-07 20:36:00,92.49,20.92
ord_0315,1,prod_0025,sell_0036,2025-07-20 00:13:00,178.61,31.32
ord_0315,2,prod_0075,sell_0031,2025-07-25 10:13:00,23.38,4.10
ord_0316,1,prod_0003,sell_0039,2025-08-20 23:21:00,1017.58,47.99
ord_0317,1,prod_0001,sell_0049,2025-09-21 15:02:00,339.05,50.46
ord_0318,1,prod_0072,sell_0041,2025-08-06 14:16:00,33.47,27.78
ord_0319,1,prod_0011,sell_0040,2025-06-22 19:57:00,108.30,57.13
ord_0320,1,prod_0043,sell_0048,2025-10-02 13:21:00,101.45,37.82
ord_0320,2,prod_0082,sell_0018,2025-09-29 02:21:00,73.04,61.65
ord_0320,3,prod_0096,sell_0018,2025-10-03 01:21:00,653.91,52.51
ord_0320,4,prod_0088,sell_0027,2025-09-26 08:21:00,98.79,9.99
ord_0320,5,prod_0100,sell_0047,2025-09-26 23:21:00,1660.65,47.29
ord_0321,1,prod_0016,sell_0014,2025-06-26 15:02:00,99.30,40.81
ord_0321,2,prod_0072,sell_0036,2025-06-27 08:02:00,342.46,29.48
ord_0321,3,prod_0030,sell_0008,2025-06-30 10:02:00,167.02,36.09
ord_0321,4,prod_0026,sell_0035,2025-07-01 21:02:00,89.36,7.53
ord_0322,1,prod_0050,sell_0041,2025-08-24 17:35:00,164.43,48.30
ord_0322,2,prod_0028,sell_0015,2025-08-28 18:35:00,1384.96,23.79
ord_0322,3,prod_0027,sell_0011,2025-08-25 23:35:00,56.42,51.51
ord_0323,1,prod_0064,sell_0004,2025-10-05 19:11:00,336.54,43.67
ord_0323,2,prod_0048,sell_0006,2025-10-03 16:11:00,249.66,19.55
ord_0323,3,prod_0076,sell_0045,2025-10-04 00:11:00,74.89,57.83
ord_0323,4,prod_0046,sell_0035,2025-10-01 00:11:00,244.02,43.65
ord_0323,5,prod_0075,sell_0010,2025-10-05 05:11:00,35.74,5.50
ord_0323,6,prod_0047,sell_0042,2025-10-01 07:11:00,134.38,49.21
ord_0324,1,prod_0023,sell_0040,2025-07-30 07:25:00,460.01,57.76
ord_0325,1,prod_0094,sell_0027,2025-07-27 00:39:00,279.15,32.98
ord_0325,2,prod_0055,sell_0031,2025-07-23 16:39:00,65.29,35.71
ord_0325,3,prod_0063,sell_0027,2025-07-27 22:39:00,159.49,34.53
ord_0326,1,prod_0050,sell_0011,2025-08-23 22:58:00,142.65,49.20
ord_0326,2,prod_0047,sell_0015,2025-08-27 02:58:00,328.64,47.61
ord_0326,3,prod_0093,sell_0025,2025-08-24 12:58:00,114.48,24.28
ord_0326,4,prod_0058,sell_0033,2025-08-27 15:58:00,793.80,38.46
ord_0327,1,prod_0076,sell_0045,2025-09-03 02:03:00,97.57,57.03
ord_0327,2,prod_0034,sell_0023,2025-09-04 11:03:00,53.30,11.39
ord_0327,3,prod_0078,sell_0013,2025-09-03 02:03:00,77.78,63.40
ord_0327,4,prod_0028,sell_0023,2025-09-04 14:03:00,1882.91,24.69
ord_0328,1,prod_0070,sell_0040,2025-08-02 07:41:00,1032.04,28.76
ord_0329,1,prod_0036,sell_0018,2025-09-11 08:06:00,430.98,51.66
ord_0330,1,prod_0060,sell_0025,2025-07-10 06:45:00,232.37,59.30
ord_0330,2,prod_0067,sell_0038,2025-07-09 22:45:00,198.59,20.35
ord_0330,3,prod_0063,sell_0045,2025-07-09 21:45:00,75.68,63.64
ord_0330,4,prod_0096,sell_0009,2025-07-11 05:45:00,64.28,52.81
ord_0330,5,prod_0001,sell_0028,2025-07-08 06:45:00,340.30,53.76
ord_0330,6,prod_0090,sell_0040,2025-07-10 13:45:00,140.38,13.39
ord_0331,1,prod_0052,sell_0025,2025-07-06 17:16:00,209.47,17.64
ord_0332,1,prod_0059,sell_0037,2025-09-19 09:32:00,270.93,42.32
ord_0332,2,prod_0098,sell_0024,2025-09-19 04:32:00,2242.55,29.61
ord_0332,3,prod_0033,sell_0012,2025-09-16 06:32:00,166.34,6.04
ord_0332,4,prod_0063,sell_0006,2025-09-14 00:32:00,184.75,63.74
ord_0332,5,prod_0009,sell_0046,2025-09-17 08:32:00,14.08,27.27
ord_0332,6,prod_0049,sell_0020,2025-09-15 02:32:00,282.31,6.22
ord_0332,7,prod_0046,sell_0017,2025-09-14 07:32:00,294.70,43.75
ord_0333,1,prod_0010,sell_0041,2025-07-17 14:28:00,797.23,22.42
ord_0333,2,prod_0074,sell_0045,2025-07-17 04:28:00,123.97,41.88
ord_0333,3,prod_0077,sell_0015,2025-07-16 21:28:00,1247.83,30.08
ord_0334,1,prod_0023,sell_0001,2025-07-15 16:24:00,486.15,58.76
ord_0334,2,prod_0088,sell_0003,2025-07-20 02:24:00,382.16,8.79
ord_0334,3,prod_0024,sell_0021,2025-07-14 10:24:00,120.15,32.16
ord_0335,1,prod_0008,sell_0031,2025-09-19 21:41:00,759.16,17.05
ord_0336,1,prod_0062,sell_0048,2025-09-06 01:23:00,896.51,48.60
ord_0336,2,prod_0065,sell_0006,2025-09-07 04:23:00,2177.02,30.89
ord_0337,1,prod_0038,sell_0048,2025-10-04 19:11:00,1315.84,10.71
ord_0337,2,prod_0081,sell_0044,2025-09-30 22:11:00,145.01,35.35
ord_0337,3,prod_0029,sell_0011,2025-10-03 03:11:00,309.07,51.88
ord_0337,4,prod_0056,sell_0028,2025-10-02 21:11:00,27.24,7.43
ord_0338,1,prod_0029,sell_0039,2025-06-26 04:33:00,697.23,53.68
ord_0338,2,prod_0017,sell_0025,2025-06-30 01:33:00,403.50,43.00
ord_0338,3,prod_0088,sell_0016,2025-06-26 21:33:00,371.74,11.69
ord_0338,4,prod_0059,sell_0004,2025-06-26 21:33:00,144.23,43.42
ord_0338,5,prod_0071,sell_0009,2025-06-26 05:33:00,34.18,46.45
ord_0338,6,prod_0083,sell_0008,2025-06-28 04:33:00,519.36,20.41
ord_0338,7,prod_0057,sell_0047,2025-07-01 00:33:00,1481.39,56.22
ord_0338,8,prod_0020,sell_0049,2025-06-26 02:33:00,327.00,38.62
ord_0339,1,prod_0090,sell_0028,2025-06-15 09:24:00,209.49,11.29
ord_0339,2,prod_0091,sell_0008,2025-06-16 02:24:00,143.12,57.63
ord_0339,3,prod_0094,sell_0044,2025-06-10 22:24:00,178.59,58.84
ord_0340,1,prod_0007,sell_0001,2025-09-25 10:10:00,192.07,35.54
ord_0340,2,prod_0057,sell_0022,2025-09-25 12:10:00,165.49,53.22
ord_0341,1,prod_0073,sell_0004,2025-06-29 16:27:00,1384.41,19.25
ord_0342,1,prod_0054,sell_0041,2025-08-07 19:59:00,940.72,20.56
ord_0343,1,prod_0048,sell_0021,2025-07-30 03:41:00,2172.60,10.52
ord_0344,1,prod_0068,sell_0046,2025-07-28 21:40:00,48.99,4.75
ord_0344,2,prod_0087,sell_0008,2025-07-31 12:40:00,79.28,22.22
ord_0344,3,prod_0056,sell_0028,2025-07-27 14:40:00,182.10,7.23
ord_0344,4,prod_0041,sell_0029,2025-07-26 21:40:00,137.29,29.96
ord_0345,1,prod_0099,sell_0042,2025-07-13 10:27:00,730.83,24.04
ord_0345,2,prod_0034,sell_0011,2025-07-15 16:27:00,345.79,13.59
ord_0345,3,prod_0029,sell_0022,2025-07-15 12:27:00,221.20,53.08
ord_0345,4,prod_0098,sell_0021,2025-07-14 06:27:00,61.62,30.51
ord_0345,5,prod_0098,sell_0049,2025-07-19 06:27:00,2729.57,30.71
ord_0345,6,prod_0057,sell_0034,2025-07-14 01:27:00,1082.81,56.42
ord_0345,7,prod_0070,sell_0015,2025-07-15 13:27:00,693.64,32.46
ord_0345,8,prod_0073,sell_0001,2025-07-14 02:27:00,1919.91,23.15
ord_0346,1,prod_0014,sell_0029,2025-08-04 10:41:00,163.05,23.77
ord_0346,2,prod_0055,sell_0027,2025-08-02 11:41:00,259.12,36.71
ord_0346,3,prod_0049,sell_0038,2025-08-05 05:41:00,225.18,5.24
ord_0346,4,prod_0020,sell_0009,2025-08-01 23:41:00,107.81,21.74
ord_0346,5,prod_0030,sell_0007,2025-08-04 01:41:00,45.41,21.86
ord_0347,1,prod_0041,sell_0010,2025-07-19 15:19:00,43.62,28.66
ord_0348,1,prod_0081,sell_0007,2025-10-03 22:22:00,182.26,36.05
ord_0348,2,prod_0087,sell_0006,2025-10-02 18:22:00,223.42,22.32
ord_0348,3,prod_0021,sell_0043,2025-10-03 04:22:00,270.67,14.75
ord_0348,4,prod_0079,sell_0005,2025-09-29 04:22:00,292.47,19.26
ord_0348,5,prod_0031,sell_0005,2025-10-04 02:22:00,492.12,26.36
ord_0349,1,prod_0063,sell_0009,2025-07-03 20:18:00,195.50,37.03
ord_0349,2,prod_0023,sell_0006,2025-07-07 11:18:00,116.26,34.92
ord_0349,3,prod_0045,sell_0011,2025-07-07 23:18:00,357.10,29.56
ord_0349,4,prod_0005,sell_0028,2025-07-08 05:18:00,682.53,31.69
ord_0349,5,prod_0080,sell_0023,2025-07-06 20:18:00,778.02,29.10
ord_0349,6,prod_0029,sell_0031,2025-07-06 00:18:00,475.82,30.87
ord_0349,7,prod_0015,sell_0032,2025-07-06 16:18:00,336.60,9.32
ord_0349,8,prod_0023,sell_0008,2025-07-06 20:18:00,357.55,35.12
ord_0350,1,prod_0087,sell_0001,2025-07-14 14:33:00,207.55,21.72
ord_0350,2,prod_0016,sell_0023,2025-07-15 13:33:00,1074.24,39.91
ord_0350,3,prod_0067,sell_0001,2025-07-14 07:33:00,241.83,19.25
ord_0351,1,prod_0018,sell_0035,2025-09-19 14:25:00,173.74,51.08
ord_0351,2,prod_0090,sell_0002,2025-09-25 01:25:00,139.97,11.29
ord_0351,3,prod_0026,sell_0026,2025-09-21 00:25:00,76.19,7.03
ord_0352,1,prod_0059,sell_0024,2025-10-03 11:01:00,345.95,39.32
ord_0353,1,prod_0093,sell_0027,2025-06-18 14:06:00,226.47,23.08
ord_0353,2,prod_0028,sell_0029,2025-06-18 23:06:00,517.81,23.69
ord_0356,1,prod_0025,sell_0043,2025-07-05 01:35:00,219.79,31.22
ord_0357,1,prod_0009,sell_0044,2025-08-29 21:45:00,92.79,17.27
ord_0357,2,prod_0051,sell_0010,2025-08-31 23:45:00,513.01,21.07
ord_0357,3,prod_0042,sell_0010,2025-08-29 19:45:00,459.44,21.53
ord_0357,4,prod_0025,sell_0023,2025-09-03 17:45:00,669.41,20.66
ord_0357,5,prod_0086,sell_0047,2025-09-02 13:45:00,44.97,6.63
ord_0357,6,prod_0062,sell_0015,2025-08-30 15:45:00,1042.62,30.16
ord_0357,7,prod_0072,sell_0018,2025-09-01 09:45:00,88.52,19.43
ord_0357,8,prod_0021,sell_0024,2025-08-30 03:45:00,576.99,11.42
ord_0358,1,prod_0033,sell_0009,2025-06-19 06:08:00,120.09,3.04
ord_0359,1,prod_0083,sell_0030,2025-06-22 23:52:00,1166.04,16.31
ord_0360,1,prod_0091,sell_0028,2025-06-20 05:32:00,228.76,56.93
ord_0360,2,prod_0082,sell_0003,2025-06-21 15:32:00,608.59,59.95
ord_0362,1,prod_0006,sell_0003,2025-06-11 18:42:00,443.33,43.84
ord_0363,1,prod_0026,sell_0004,2025-06-16 20:36:00,77.05,7.05
ord_0363,2,prod_0082,sell_0015,2025-06-13 12:36:00,336.56,35.32
ord_0363,3,prod_0082,sell_0034,2025-06-16 17:36:00,1106.61,35.72
ord_0363,4,prod_0027,sell_0031,2025-06-17 05:36:00,217.45,30.56
ord_0363,5,prod_0066,sell_0003,2025-06-15 07:36:00,143.73,18.28
ord_0363,6,prod_0034,sell_0017,2025-06-16 16:36:00,363.44,9.19
ord_0364,1,prod_0056,sell_0034,2025-09-08 19:57:00,222.18,9.23
ord_0364,2,prod_0025,sell_0013,2025-09-07 19:57:00,630.31,34.52
ord_0364,3,prod_0084,sell_0040,2025-09-06 08:57:00,910.93,61.32
ord_0364,4,prod_0030,sell_0045,2025-09-08 16:57:00,1060.21,37.49
ord_0364,5,prod_0075,sell_0020,2025-09-07 06:57:00,163.70,6.70
ord_0364,6,prod_0046,sell_0020,2025-09-03 20:57:00,41.15,44.45
ord_0364,7,prod_0010,sell_0024,2025-09-08 01:57:00,551.63,24.32
ord_0364,8,prod_0091,sell_0044,2025-09-07 13:57:00,159.49,59.53
ord_0365,1,prod_0076,sell_0026,2025-07-30 05:06:00,52.31,31.63
ord_0365,2,prod_0021,sell_0039,2025-08-05 06:06:00,603.08,8.72
ord_0365,3,prod_0085,sell_0020,2025-08-01 05:06:00,1072.68,5.58
ord_0366,1,prod_0066,sell_0049,2025-06-26 13:58:00,548.78,27.11
ord_0367,1,prod_0015,sell_0037,2025-09-14 12:15:00,106.01,7.67
ord_0368,1,prod_0046,sell_0002,2025-08-28 14:18:00,323.24,23.06
ord_0369,1,prod_0048,sell_0006,2025-07-15 22:16:00,1876.07,9.92
ord_0371,1,prod_0009,sell_0029,2025-10-01 08:52:00,232.47,25.27
ord_0371,2,prod_0099,sell_0045,2025-10-04 10:52:00,596.01,20.94
ord_0371,3,prod_0010,sell_0003,2025-10-07 09:52:00,1287.85,22.02
ord_0372,1,prod_0025,sell_0022,2025-07-21 15:50:00,234.92,33.02
ord_0372,2,prod_0003,sell_0037,2025-07-21 16:50:00,1169.07,50.39
ord_0372,3,prod_0078,sell_0015,2025-07-20 09:50:00,139.14,63.90
ord_0372,4,prod_0098,sell_0050,2025-07-25 00:50:00,1853.26,28.41
ord_0372,5,prod_0064,sell_0032,2025-07-20 21:50:00,620.12,43.77
ord_0373,1,prod_0085,sell_0036,2025-10-01 11:35:00,224.02,6.46
ord_0374,1,prod_0075,sell_0020,2025-06-15 07:10:00,60.63,5.70
ord_0374,2,prod_0041,sell_0012,2025-06-14 08:10:00,109.16,31.16
ord_0374,3,prod_0052,sell_0048,2025-06-17 22:10:00,240.84,20.74
ord_0374,4,prod_0059,sell_0023,2025-06-15 04:10:00,234.25,42.42
ord_0374,5,prod_0061,sell_0033,2025-06-20 00:10:00,903.12,62.62
ord_0374,6,prod_0022,sell_0009,2025-06-19 12:10:00,241.39,54.89
ord_0375,1,prod_0052,sell_0042,2025-08-18 04:28:00,348.72,11.74
ord_0375,2,prod_0040,sell_0010,2025-08-18 23:28:00,66.67,15.25
ord_0375,3,prod_0064,sell_0047,2025-08-18 11:28:00,1415.66,24.29
ord_0375,4,prod_0009,sell_0037,2025-08-20 00:28:00,220.47,15.67
ord_0376,1,prod_0020,sell_0007,2025-09-25 18:15:00,160.18,34.52
ord_0378,1,prod_0068,sell_0025,2025-09-11 21:20:00,148.57,3.25
ord_0379,1,prod_0052,sell_0045,2025-07-08 15:38:00,200.28,17.64
ord_0380,1,prod_0029,sell_0024,2025-07-06 19:53:00,728.53,49.98
ord_0381,1,prod_0032,sell_0035,2025-08-10 09:10:00,138.05,14.43
ord_0382,1,prod_0072,sell_0044,2025-06-29 15:18:00,104.73,29.68
ord_0382,2,prod_0092,sell_0014,2025-07-01 20:18:00,95.48,24.13
ord_0382,3,prod_0068,sell_0026,2025-06-25 07:18:00,51.78,4.75
ord_0382,4,prod_0086,sell_0015,2025-06-28 11:18:00,40.89,5.46
ord_0383,1,prod_0097,sell_0016,2025-08-09 08:33:00,937.79,50.46
ord_0383,2,prod_0019,sell_0018,2025-08-09 05:33:00,1683.28,14.55
ord_0383,3,prod_0034,sell_0013,2025-08-08 12:33:00,107.61,10.79
ord_0383,4,prod_0079,sell_0049,2025-08-08 01:33:00,72.04,18.36
ord_0384,1,prod_0012,sell_0025,2025-06-08 00:00:00,297.30,22.57
ord_0384,2,prod_0061,sell_0029,2025-06-09 06:00:00,508.74,61.92
ord_0384,3,prod_0029,sell_0022,2025-06-07 00:00:00,262.24,51.58
ord_0384,4,prod_0040,sell_0029,2025-06-05 18:00:00,86.68,25.86
ord_0384,5,prod_0086,sell_0011,2025-06-08 04:00:00,16.61,5.37
ord_0385,1,prod_0081,sell_0036,2025-08-08 11:49:00,241.62,19.58
ord_0386,1,prod_0021,sell_0033,2025-07-14 08:22:00,167.86,12.75
ord_0387,1,prod_0097,sell_0027,2025-06-11 03:38:00,1471.06,49.76
ord_0387,2,prod_0094,sell_0021,2025-06-12 07:38:00,150.94,58.84
ord_0387,3,prod_0070,sell_0019,2025-06-15 17:38:00,368.18,29.76
ord_0388,1,prod_0043,sell_0048,2025-08-01 19:39:00,67.43,38.62
ord_0388,2,prod_0100,sell_0043,2025-07-31 03:39:00,352.75,48.29
ord_0388,3,prod_0046,sell_0031,2025-08-01 07:39:00,22.96,43.95
ord_0388,4,prod_0094,sell_0006,2025-08-01 05:39:00,933.71,61.24
ord_0388,5,prod_0093,sell_0048,2025-07-28 19:39:00,266.79,25.98
ord_0388,6,prod_0074,sell_0008,2025-08-02 17:39:00,24.51,43.28
ord_0388,7,prod_0040,sell_0033,2025-08-02 09:39:00,17.90,26.86
ord_0389,1,prod_0043,sell_0030,2025-06-23 18:28:00,155.26,37.52
ord_0389,2,prod_0078,sell_0005,2025-06-25 09:28:00,43.92,63.80
ord_0389,3,prod_0046,sell_0010,2025-06-22 15:28:00,18.83,42.85
ord_0389,4,prod_0076,sell_0027,2025-06-24 02:28:00,45.77,57.03
ord_0390,1,prod_0092,sell_0040,2025-07-31 06:32:00,936.04,13.30
ord_0391,1,prod_0025,sell_0019,2025-09-27 01:34:00,178.56,31.02
ord_0392,1,prod_0006,sell_0038,2025-08-05 19:39:00,487.57,43.04
ord_0393,1,prod_0095,sell_0027,2025-08-28 08:42:00,1924.38,22.45
ord_0393,2,prod_0079,sell_0002,2025-08-28 07:42:00,280.71,17.76
ord_0394,1,prod_0060,sell_0001,2025-07-28 04:11:00,173.32,30.91
ord_0395,1,prod_0074,sell_0043,2025-06-23 16:45:00,95.10,40.68
ord_0396,1,prod_0027,sell_0038,2025-09-21 01:33:00,260.23,50.11
ord_0397,1,prod_0033,sell_0013,2025-07-27 05:23:00,177.85,4.63
ord_0397,2,prod_0054,sell_0003,2025-07-28 00:23:00,557.22,21.16
ord_0397,3,prod_0031,sell_0039,2025-07-27 08:23:00,48.10,26.16
ord_0398,1,prod_0005,sell_0028,2025-09-17 12:29:00,725.37,51.30
ord_0399,1,prod_0056,sell_0040,2025-08-20 01:14:00,38.64,6.93
ord_0399,2,prod_0074,sell_0009,2025-08-18 11:14:00,105.29,41.48
ord_0399,3,prod_0097,sell_0012,2025-08-17 21:14:00,2097.49,49.16
ord_0400,1,prod_0090,sell_0042,2025-09-24 03:48:00,148.55,10.29
ord_0401,1,prod_0010,sell_0005,2025-07-15 14:30:00,1330.92,21.22
ord_0402,1,prod_0049,sell_0039,2025-06-30 19:08:00,230.81,6.32
ord_0402,2,prod_0096,sell_0048,2025-06-29 01:08:00,1253.73,54.41
ord_0402,3,prod_0093,sell_0050,2025-07-01 06:08:00,38.46,26.88
ord_0402,4,prod_0045,sell_0024,2025-06-28 13:08:00,40.98,50.06
ord_0402,5,prod_0027,sell_0019,2025-07-02 02:08:00,22.54,53.81
ord_0402,6,prod_0026,sell_0045,2025-07-01 18:08:00,23.81,10.33
ord_0402,7,prod_0019,sell_0013,2025-07-03 19:08:00,1361.28,16.35
ord_0402,8,prod_0060,sell_0013,2025-07-04 11:08:00,496.67,60.10
ord_0403,1,prod_0016,sell_0030,2025-07-06 05:30:00,111.23,39.31
ord_0404,1,prod_0087,sell_0001,2025-09-26 11:04:00,169.47,12.07
ord_0405,1,prod_0022,sell_0031,2025-09-08 04:59:00,564.15,52.39
ord_0406,1,prod_0076,sell_0016,2025-06-30 07:40:00,181.57,55.13
ord_0407,1,prod_0045,sell_0018,2025-06-24 17:18:00,363.41,46.56
ord_0408,1,prod_0040,sell_0006,2025-10-02 09:32:00,126.68,23.86
ord_0409,1,prod_0077,sell_0009,2025-08-13 13:06:00,577.06,16.92
ord_0410,1,prod_0030,sell_0038,2025-06-14 06:08:00,921.54,34.79
ord_0411,1,prod_0026,sell_0008,2025-06-11 12:26:00,179.62,8.63
ord_0411,2,prod_0083,sell_0045,2025-06-09 22:26:00,768.76,19.11
ord_0411,3,prod_0013,sell_0004,2025-06-10 17:26:00,730.56,61.85
ord_0411,4,prod_0047,sell_0016,2025-06-13 23:26:00,441.10,48.71
ord_0411,5,prod_0042,sell_0039,2025-06-13 12:26:00,738.13,33.91
ord_0412,1,prod_0045,sell_0020,2025-08-05 19:15:00,446.96,46.96
ord_0413,1,prod_0034,sell_0007,2025-06-18 07:54:00,203.81,10.39
ord_0413,2,prod_0041,sell_0031,2025-06-21 16:54:00,44.06,28.56
ord_0414,1,prod_0017,sell_0042,2025-07-16 08:04:00,194.73,39.30
ord_0415,1,prod_0022,sell_0025,2025-07-26 05:20:00,177.54,53.79
ord_0415,2,prod_0035,sell_0009,2025-07-27 12:20:00,178.99,43.79
ord_0415,3,prod_0080,sell_0037,2025-07-27 19:20:00,185.81,47.25
ord_0416,1,prod_0003,sell_0035,2025-08-23 09:28:00,1693.64,48.39
ord_0417,1,prod_0078,sell_0001,2025-09-02 05:11:00,117.26,63.70
ord_0417,2,prod_0066,sell_0010,2025-09-02 19:11:00,553.80,29.51
ord_0417,3,prod_0030,sell_0040,2025-09-05 17:11:00,135.19,36.39
ord_0417,4,prod_0067,sell_0022,2025-09-02 12:11:00,667.25,19.65
ord_0417,5,prod_0081,sell_0031,2025-09-04 20:11:00,151.76,35.85
ord_0418,1,prod_0078,sell_0013,2025-06-23 01:09:00,80.98,64.50
ord_0418,2,prod_0034,sell_0003,2025-06-26 20:09:00,345.70,12.09
ord_0418,3,prod_0081,sell_0008,2025-06-26 12:09:00,122.75,36.05
ord_0418,4,prod_0069,sell_0002,2025-06-26 11:09:00,1281.78,63.82
ord_0418,5,prod_0051,sell_0049,2025-06-28 00:09:00,560.64,31.90
ord_0419,1,prod_0013,sell_0031,2025-09-02 00:46:00,130.75,61.05
ord_0419,2,prod_0022,sell_0012,2025-09-05 09:46:00,575.33,53.39
ord_0419,3,prod_0072,sell_0018,2025-09-02 09:46:00,28.64,28.38
ord_0420,1,prod_0056,sell_0038,2025-10-06 15:36:00,114.01,6.33
ord_0421,1,prod_0069,sell_0002,2025-08-03 07:18:00,53.87,63.02
ord_0421,2,prod_0057,sell_0049,2025-08-01 02:18:00,1187.85,53.32
ord_0421,3,prod_0012,sell_0024,2025-08-01 15:18:00,603.32,20.97
ord_0422,1,prod_0005,sell_0003,2025-08-09 18:53:00,78.85,53.30
ord_0422,2,prod_0059,sell_0035,2025-08-11 20:53:00,55.12,42.12
ord_0422,3,prod_0005,sell_0009,2025-08-08 03:53:00,100.27,53.30
ord_0422,4,prod_0059,sell_0025,2025-08-10 00:53:00,273.10,41.72
ord_0422,5,prod_0034,sell_0019,2025-08-10 07:53:00,354.94,11.69
ord_0423,1,prod_0071,sell_0015,2025-07-30 14:13:00,162.42,24.24
ord_0424,1,prod_0010,sell_0039,2025-07-27 15:01:00,819.31,21.32
ord_0424,2,prod_0030,sell_0008,2025-07-22 19:01:00,972.38,35.09
ord_0425,1,prod_0058,sell_0012,2025-07-06 18:23:00,330.80,36.36
ord_0426,1,prod_0043,sell_0045,2025-09-25 11:50:00,177.28,22.22
ord_0426,2,prod_0090,sell_0011,2025-09-24 09:50:00,110.92,9.41
ord_0426,3,prod_0003,sell_0007,2025-09-29 00:50:00,1083.49,29.12
ord_0426,4,prod_0037,sell_0041,2025-09-26 02:50:00,271.38,20.51
ord_0426,5,prod_0065,sell_0043,2025-09-30 06:50:00,2453.36,19.82
ord_0426,6,prod_0043,sell_0045,2025-09-24 02:50:00,115.65,22.62
ord_0427,1,prod_0074,sell_0002,2025-06-08 05:26:00,143.19,40.28
ord_0428,1,prod_0055,sell_0049,2025-08-06 21:10:00,46.05,62.63
ord_0429,1,prod_0013,sell_0006,2025-08-16 04:47:00,1006.27,61.25
ord_0429,2,prod_0051,sell_0021,2025-08-18 05:47:00,357.26,31.30
ord_0429,3,prod_0049,sell_0032,2025-08-20 13:47:00,156.11,4.22
ord_0430,1,prod_0057,sell_0013,2025-09-03 13:51:00,23.27,52.52
ord_0431,1,prod_0028,sell_0024,2025-07-29 12:43:00,2305.16,22.79
ord_0432,1,prod_0090,sell_0003,2025-06-17 02:49:00,74.25,10.59
ord_0432,2,prod_0026,sell_0026,2025-06-15 09:49:00,139.90,6.53
ord_0433,1,prod_0014,sell_0033,2025-07-07 04:16:00,332.27,38.92
ord_0435,1,prod_0022,sell_0042,2025-08-05 20:29:00,200.47,52.69
ord_0435,2,prod_0031,sell_0026,2025-08-04 00:29:00,353.55,25.66
ord_0436,1,prod_0052,sell_0024,2025-07-11 08:30:00,17.68,17.44
ord_0437,1,prod_0027,sell_0040,2025-09-21 12:19:00,201.77,50.51
ord_0438,1,prod_0071,sell_0027,2025-08-25 02:39:00,12.58,44.35
ord_0438,2,prod_0067,sell_0043,2025-08-25 07:39:00,1326.49,18.85
ord_0438,3,prod_0037,sell_0008,2025-08-25 11:39:00,982.39,33.62
ord_0439,1,prod_0069,sell_0020,2025-06-13 15:48:00,1122.15,64.32
ord_0439,2,prod_0041,sell_0028,2025-06-16 13:48:00,59.62,31.16
ord_0439,3,prod_0025,sell_0047,2025-06-16 08:48:00,567.57,33.12
ord_0439,4,prod_0038,sell_0001,2025-06-12 05:48:00,66.82,11.91
ord_0439,5,prod_0080,sell_0039,2025-06-15 20:48:00,765.63,49.55
ord_0439,6,prod_0038,sell_0034,2025-06-16 03:48:00,1147.19,11.51
ord_0440,1,prod_0036,sell_0019,2025-08-18 19:36:00,754.19,53.86
ord_0440,2,prod_0066,sell_0014,2025-08-22 22:36:00,110.44,30.31
ord_0440,3,prod_0017,sell_0014,2025-08-23 18:36:00,305.79,42.50
ord_0440,4,prod_0042,sell_0035,2025-08-22 00:36:00,650.52,34.31
ord_0440,5,prod_0045,sell_0009,2025-08-21 21:36:00,1407.78,49.36
ord_0440,6,prod_0079,sell_0010,2025-08-23 10:36:00,88.30,20.05
ord_0440,7,prod_0012,sell_0022,2025-08-17 13:36:00,869.60,22.97
ord_0441,1,prod_0078,sell_0012,2025-09-06 13:36:00,47.66,62.30
ord_0442,1,prod_0044,sell_0037,2025-07-17 10:30:00,737.88,26.58
ord_0443,1,prod_0066,sell_0041,2025-06-27 18:00:00,304.49,16.68
ord_0443,2,prod_0062,sell_0027,2025-06-29 11:00:00,269.21,28.56
ord_0443,3,prod_0036,sell_0035,2025-06-26 13:00:00,34.12,30.16
ord_0443,4,prod_0044,sell_0013,2025-06-28 09:00:00,1133.77,16.59
ord_0445,1,prod_0091,sell_0001,2025-08-25 20:09:00,292.11,56.63
ord_0446,1,prod_0077,sell_0034,2025-09-08 21:19:00,171.70,29.48
ord_0446,2,prod_0087,sell_0012,2025-09-10 05:19:00,100.77,21.32
ord_0446,3,prod_0084,sell_0023,2025-09-12 10:19:00,863.78,59.22
ord_0447,1,prod_0004,sell_0037,2025-07-05 20:02:00,87.09,15.20
ord_0449,1,prod_0021,sell_0050,2025-09-07 09:47:00,666.58,12.35
ord_0450,1,prod_0099,sell_0031,2025-06-12 05:32:00,400.62,11.57
ord_0451,1,prod_0029,sell_0039,2025-08-06 17:59:00,291.54,49.58
ord_0452,1,prod_0034,sell_0004,2025-07-03 00:58:00,314.97,11.49
ord_0452,2,prod_0074,sell_0014,2025-07-09 22:58:00,42.40,42.88
ord_0452,3,prod_0005,sell_0020,2025-07-05 08:58:00,445.44,53.90
ord_0452,4,prod_0022,sell_0044,2025-07-06 12:58:00,103.22,54.19
ord_0452,5,prod_0058,sell_0002,2025-07-04 17:58:00,115.02,38.16
ord_0453,1,prod_0090,sell_0015,2025-07-25 21:16:00,87.21,13.39
ord_0453,2,prod_0026,sell_0037,2025-07-25 16:16:00,70.20,8.53
ord_0453,3,prod_0099,sell_0020,2025-07-27 07:16:00,127.22,22.64
ord_0453,4,prod_0074,sell_0028,2025-07-26 13:16:00,204.41,43.18
ord_0453,5,prod_0069,sell_0040,2025-07-23 17:16:00,92.56,65.12
ord_0453,6,prod_0077,sell_0017,2025-07-28 12:16:00,399.88,31.18
ord_0454,1,prod_0010,sell_0023,2025-08-05 06:56:00,801.98,20.82
ord_0455,1,prod_0062,sell_0042,2025-06-10 09:48:00,1096.06,49.80
ord_0455,2,prod_0002,sell_0023,2025-06-09 09:48:00,1549.74,15.88
ord_0455,3,prod_0007,sell_0040,2025-06-09 11:48:00,168.17,36.54
ord_0455,4,prod_0073,sell_0036,2025-06-14 19:48:00,627.86,20.35
ord_0456,1,prod_0002,sell_0013,2025-07-22 15:51:00,879.50,8.38
ord_0457,1,prod_0051,sell_0032,2025-07-05 16:05:00,306.31,29.70
ord_0458,1,prod_0041,sell_0010,2025-09-25 08:20:00,238.59,28.26
ord_0459,1,prod_0044,sell_0049,2025-08-18 23:55:00,869.45,26.58
ord_0461,1,prod_0089,sell_0006,2025-09-25 09:18:00,1883.94,33.72
ord_0462,1,prod_0097,sell_0001,2025-07-14 11:47:00,2426.10,48.36
ord_0463,1,prod_0016,sell_0005,2025-09-05 03:26:00,871.68,42.81
ord_0463,2,prod_0007,sell_0031,2025-09-04 05:26:00,153.24,38.54
ord_0463,3,prod_0091,sell_0021,2025-09-05 02:26:00,203.31,59.93
ord_0463,4,prod_0093,sell_0037,2025-09-03 00:26:00,14.11,26.68
ord_0463,5,prod_0073,sell_0019,2025-09-01 22:26:00,759.53,22.55
ord_0463,6,prod_0026,sell_0016,2025-09-01 07:26:00,116.93,10.13
ord_0463,7,prod_0046,sell_0030,2025-08-30 16:26:00,201.05,45.05
ord_0463,8,prod_0048,sell_0018,2025-08-29 09:26:00,978.73,21.15
ord_0464,1,prod_0059,sell_0048,2025-06-09 06:38:00,132.58,43.62
ord_0464,2,prod_0038,sell_0038,2025-06-13 19:38:00,533.79,12.51
ord_0464,3,prod_0035,sell_0022,2025-06-14 11:38:00,17.67,46.49
ord_0464,4,prod_0032,sell_0023,2025-06-11 12:38:00,90.36,17.93
ord_0464,5,prod_0019,sell_0014,2025-06-14 00:38:00,498.64,17.15
ord_0464,6,prod_0081,sell_0006,2025-06-13 00:38:00,78.54,37.16
ord_0464,7,prod_0013,sell_0001,2025-06-13 05:38:00,967.39,63.95
ord_0464,8,prod_0034,sell_0033,2025-06-13 07:38:00,236.29,12.99
ord_0465,1,prod_0077,sell_0040,2025-07-01 00:31:00,1036.45,32.78
ord_0465,2,prod_0092,sell_0016,2025-06-30 10:31:00,873.13,26.53
ord_0465,3,prod_0070,sell_0004,2025-06-29 18:31:00,199.89,31.86
ord_0465,4,prod_0078,sell_0008,2025-07-02 21:31:00,186.45,65.80
ord_0465,5,prod_0057,sell_0021,2025-07-03 01:31:00,1437.64,56.22
ord_0465,6,prod_0094,sell_0020,2025-06-30 00:31:00,821.81,62.14
ord_0465,7,prod_0043,sell_0035,2025-07-03 13:31:00,125.35,39.52
ord_0465,8,prod_0052,sell_0027,2025-07-01 02:31:00,305.53,21.14
ord_0466,1,prod_0073,sell_0031,2025-08-16 20:13:00,791.82,11.89
ord_0466,2,prod_0093,sell_0043,2025-08-15 23:13:00,111.53,13.48
ord_0467,1,prod_0024,sell_0042,2025-08-20 03:10:00,178.10,18.82
ord_0467,2,prod_0081,sell_0019,2025-08-20 06:10:00,116.08,20.28
ord_0467,3,prod_0089,sell_0004,2025-08-20 17:10:00,1807.10,21.22
ord_0467,4,prod_0015,sell_0016,2025-08-19 19:10:00,201.98,7.12
ord_0468,1,prod_0052,sell_0049,2025-06-11 14:14:00,389.00,18.44
ord_0468,2,prod_0012,sell_0039,2025-06-15 06:14:00,524.51,20.97
ord_0468,3,prod_0044,sell_0018,2025-06-13 13:14:00,402.65,27.98
ord_0469,1,prod_0006,sell_0022,2025-07-28 18:41:00,23.35,45.04
ord_0469,2,prod_0087,sell_0020,2025-07-23 09:41:00,102.98,22.32
ord_0469,3,prod_0080,sell_0005,2025-07-29 02:41:00,508.01,49.05
ord_0469,4,prod_0090,sell_0035,2025-07-28 02:41:00,263.66,12.29
ord_0469,5,prod_0081,sell_0049,2025-07-24 10:41:00,189.15,36.25
ord_0470,1,prod_0066,sell_0034,2025-07-02 00:57:00,548.20,27.51
ord_0471,1,prod_0035,sell_0015,2025-09-12 12:16:00,95.53,44.09
ord_0471,2,prod_0075,sell_0013,2025-09-08 16:16:00,182.64,4.50
ord_0471,3,prod_0069,sell_0030,2025-09-09 14:16:00,689.38,63.72
ord_0471,4,prod_0068,sell_0032,2025-09-10 10:16:00,235.91,5.35
ord_0472,1,prod_0028,sell_0011,2025-08-20 06:52:00,1378.59,22.99
ord_0473,1,prod_0034,sell_0019,2025-10-04 19:00:00,48.82,10.09
ord_0474,1,prod_0005,sell_0023,2025-08-19 06:22:00,568.48,51.80
ord_0474,2,prod_0075,sell_0044,2025-08-18 10:22:00,51.29,4.10
ord_0475,1,prod_0095,sell_0018,2025-06-11 08:32:00,821.50,21.75
ord_0476,1,prod_0050,sell_0023,2025-09-20 00:15:00,220.27,47.90
ord_0477,1,prod_0091,sell_0043,2025-09-15 09:22:00,138.64,57.23
ord_0477,2,prod_0072,sell_0015,2025-09-14 15:22:00,30.09,29.18
ord_0477,3,prod_0091,sell_0008,2025-09-14 05:22:00,240.83,57.83
ord_0478,1,prod_0037,sell_0014,2025-06-17 21:50:00,1126.78,33.72
ord_0478,2,prod_0020,sell_0041,2025-06-15 23:50:00,350.12,36.22
ord_0478,3,prod_0095,sell_0025,2025-06-18 12:50:00,2953.36,23.25
ord_0478,4,prod_0063,sell_0026,2025-06-16 13:50:00,43.24,62.24
ord_0479,1,prod_0017,sell_0016,2025-06-08 15:49:00,492.73,39.30
ord_0480,1,prod_0041,sell_0048,2025-10-02 16:48:00,206.11,28.06
ord_0481,1,prod_0073,sell_0048,2025-09-10 10:39:00,363.62,20.55
ord_0481,2,prod_0097,sell_0002,2025-09-15 17:39:00,924.42,50.26
ord_0481,3,prod_0070,sell_0008,2025-09-13 00:39:00,1175.51,29.86
ord_0481,4,prod_0004,sell_0004,2025-09-13 02:39:00,156.90,17.10
ord_0482,1,prod_0017,sell_0043,2025-06-28 04:00:00,87.94,41.10
ord_0482,2,prod_0008,sell_0031,2025-06-26 21:00:00,134.06,19.25
ord_0482,3,prod_0013,sell_0024,2025-06-23 09:00:00,79.95,62.25
ord_0482,4,prod_0052,sell_0030,2025-06-27 07:00:00,358.70,20.24
ord_0482,5,prod_0075,sell_0049,2025-06-27 07:00:00,194.86,5.40
ord_0483,1,prod_0031,sell_0021,2025-07-26 13:09:00,641.76,25.16
ord_0484,1,prod_0086,sell_0043,2025-06-13 11:17:00,26.84,3.87
ord_0484,2,prod_0011,sell_0010,2025-06-14 19:17:00,242.15,57.83
ord_0486,1,prod_0037,sell_0014,2025-06-10 02:14:00,1243.01,33.02
ord_0486,2,prod_0012,sell_0011,2025-06-07 15:14:00,999.13,21.37
ord_0486,3,prod_0010,sell_0018,2025-06-11 05:14:00,511.79,21.82
ord_0487,1,prod_0049,sell_0012,2025-10-05 00:54:00,150.10,5.44
ord_0487,2,prod_0001,sell_0047,2025-09-29 13:54:00,158.73,30.84
ord_0487,3,prod_0094,sell_0005,2025-10-02 11:54:00,84.23,35.18
ord_0487,4,prod_0012,sell_0022,2025-10-02 20:54:00,1187.73,15.28
ord_0487,5,prod_0026,sell_0014,2025-10-02 04:54:00,199.16,7.95
ord_0487,6,prod_0065,sell_0006,2025-09-29 08:54:00,280.89,19.92
ord_0487,7,prod_0082,sell_0027,2025-10-03 12:54:00,1412.99,36.02
ord_0488,1,prod_0041,sell_0041,2025-06-14 22:11:00,158.02,28.46
ord_0489,1,prod_0058,sell_0041,2025-09-14 11:56:00,68.06,36.76
ord_0490,1,prod_0005,sell_0007,2025-06-10 01:34:00,250.01,31.59
ord_0490,2,prod_0031,sell_0019,2025-06-09 12:34:00,710.33,17.32
ord_0490,3,prod_0082,sell_0047,2025-06-10 10:34:00,462.96,36.22
ord_0490,4,prod_0028,sell_0011,2025-06-06 13:34:00,744.37,16.09
ord_0490,5,prod_0022,sell_0030,2025-06-05 20:34:00,392.59,32.46
ord_0490,6,prod_0047,sell_0029,2025-06-09 19:34:00,302.41,28.62
ord_0490,7,prod_0079,sell_0034,2025-06-05 09:34:00,205.92,13.42
ord_0491,1,prod_0019,sell_0018,2025-08-19 19:47:00,458.64,13.65
ord_0492,1,prod_0026,sell_0023,2025-07-17 10:26:00,34.31,6.83
ord_0493,1,prod_0003,sell_0008,2025-08-21 14:00:00,1045.23,49.09
ord_0493,2,prod_0094,sell_0031,2025-08-19 00:00:00,437.26,59.14
ord_0494,1,prod_0090,sell_0043,2025-09-22 19:07:00,117.15,10.09
ord_0495,1,prod_0025,sell_0011,2025-09-13 07:27:00,525.19,31.42
ord_0495,2,prod_0081,sell_0038,2025-09-15 22:27:00,75.51,34.66
ord_0495,3,prod_0090,sell_0024,2025-09-17 15:27:00,164.89,11.69
ord_0498,1,prod_0100,sell_0025,2025-08-26 14:37:00,2769.63,45.89
ord_0499,1,prod_0072,sell_0010,2025-08-19 13:49:00,246.00,27.98
ord_0500,1,prod_0006,sell_0009,2025-07-10 14:45:00,188.63,43.24
ord_0501,1,prod_0026,sell_0024,2025-06-17 07:56:00,124.56,6.03
ord_0503,1,prod_0064,sell_0033,2025-09-12 07:53:00,2071.34,41.47
ord_0503,2,prod_0042,sell_0019,2025-09-13 06:53:00,38.52,32.21
ord_0504,1,prod_0097,sell_0030,2025-08-13 08:41:00,816.43,50.46
ord_0504,2,prod_0005,sell_0008,2025-08-13 05:41:00,473.72,52.60
ord_0504,3,prod_0061,sell_0002,2025-08-15 11:41:00,696.95,60.82
ord_0504,4,prod_0004,sell_0037,2025-08-16 03:41:00,68.90,16.70
ord_0505,1,prod_0047,sell_0009,2025-06-12 12:54:00,114.92,46.71
ord_0506,1,prod_0004,sell_0004,2025-08-05 00:29:00,48.49,15.20
ord_0507,1,prod_0087,sell_0045,2025-06-10 13:56:00,85.51,20.52
ord_0508,1,prod_0084,sell_0004,2025-09-28 17:03:00,715.30,59.72
ord_0508,2,prod_0040,sell_0048,2025-09-24 21:03:00,75.96,25.16
ord_0508,3,prod_0095,sell_0030,2025-09-26 20:03:00,1571.93,23.85
ord_0508,4,prod_0085,sell_0044,2025-09-24 13:03:00,119.74,7.96
ord_0509,1,prod_0037,sell_0015,2025-08-22 01:21:00,689.82,33.62
ord_0509,2,prod_0004,sell_0040,2025-08-19 03:21:00,152.73,16.20
ord_0509,3,prod_0032,sell_0047,2025-08-18 05:21:00,346.48,15.43
ord_0510,1,prod_0030,sell_0002,2025-08-01 17:26:00,1304.19,19.06
ord_0511,1,prod_0029,sell_0023,2025-08-21 18:14:00,93.35,49.58
ord_0512,1,prod_0075,sell_0036,2025-06-21 19:45:00,226.38,3.20
ord_0513,1,prod_0067,sell_0004,2025-07-13 00:14:00,1430.58,18.35
ord_0513,2,prod_0088,sell_0020,2025-07-16 21:14:00,400.39,8.29
ord_0514,1,prod_0033,sell_0024,2025-06-12 08:27:00,779.15,4.74
ord_0514,2,prod_0077,sell_0043,2025-06-10 23:27:00,1155.18,30.38
ord_0514,3,prod_0085,sell_0008,2025-06-15 07:27:00,659.32,8.56
ord_0514,4,prod_0075,sell_0032,2025-06-13 13:27:00,196.87,4.30
ord_0515,1,prod_0028,sell_0023,2025-07-25 01:15:00,972.66,23.39
ord_0516,1,prod_0016,sell_0010,2025-06-30 11:19:00,1791.29,39.41
ord_0516,2,prod_0011,sell_0025,2025-07-02 17:19:00,165.68,57.63
ord_0517,1,prod_0087,sell_0029,2025-09-24 15:29:00,155.36,20.32
ord_0518,1,prod_0057,sell_0033,2025-07-10 00:40:00,976.23,53.12
ord_0519,1,prod_0026,sell_0020,2025-07-29 17:53:00,166.47,6.63
ord_0520,1,prod_0053,sell_0043,2025-06-29 17:26:00,1199.42,17.21
ord_0521,1,prod_0060,sell_0035,2025-08-28 22:18:00,182.52,59.50
ord_0521,2,prod_0054,sell_0026,2025-08-26 09:18:00,1046.67,22.66
ord_0521,3,prod_0084,sell_0021,2025-08-30 15:18:00,71.72,60.52
ord_0521,4,prod_0056,sell_0027,2025-08-28 04:18:00,51.56,8.83
ord_0521,5,prod_0016,sell_0031,2025-08-24 20:18:00,333.87,41.81
ord_0521,6,prod_0057,sell_0030,2025-08-26 00:18:00,1308.15,55.02
ord_0522,1,prod_0098,sell_0033,2025-06-10 20:29:00,817.41,29.31
ord_0522,2,prod_0090,sell_0025,2025-06-07 23:29:00,8.59,12.99
ord_0522,3,prod_0071,sell_0047,2025-06-08 15:29:00,434.80,45.65
ord_0522,4,prod_0080,sell_0002,2025-06-06 12:29:00,911.93,48.75
ord_0522,5,prod_0001,sell_0038,2025-06-08 09:29:00,381.08,53.36
ord_0522,6,prod_0012,sell_0049,2025-06-09 13:29:00,397.34,22.27
ord_0523,1,prod_0026,sell_0032,2025-09-05 00:46:00,170.79,6.83
ord_0524,1,prod_0005,sell_0002,2025-09-25 17:38:00,692.39,51.50
ord_0525,1,prod_0081,sell_0013,2025-09-03 11:07:00,247.09,37.05
ord_0525,2,prod_0098,sell_0026,2025-09-05 11:07:00,2414.01,29.61
ord_0525,3,prod_0064,sell_0033,2025-08-31 11:07:00,2247.99,43.97
ord_0525,4,prod_0068,sell_0046,2025-09-02 15:07:00,86.77,6.65
ord_0525,5,prod_0075,sell_0018,2025-08-31 13:07:00,135.20,6.20
ord_0525,6,prod_0073,sell_0013,2025-08-30 16:07:00,1419.40,22.65
ord_0525,7,prod_0011,sell_0018,2025-09-01 09:07:00,179.78,60.53
ord_0526,1,prod_0010,sell_0040,2025-08-29 13:39:00,1472.63,21.22
ord_0527,1,prod_0050,sell_0037,2025-07-06 15:09:00,246.24,47.90
ord_0528,1,prod_0009,sell_0046,2025-08-16 21:04:00,74.75,26.17
ord_0528,2,prod_0065,sell_0010,2025-08-20 08:04:00,468.27,31.49
ord_0528,3,prod_0034,sell_0002,2025-08-16 02:04:00,96.28,10.99
ord_0528,4,prod_0026,sell_0032,2025-08-14 22:04:00,68.40,8.13
ord_0529,1,prod_0017,sell_0009,2025-07-06 00:53:00,204.65,38.90
ord_0530,1,prod_0043,sell_0022,2025-07-27 08:58:00,214.83,36.62
ord_0530,2,prod_0073,sell_0019,2025-07-24 23:58:00,1185.77,20.25
ord_0530,3,prod_0012,sell_0046,2025-07-22 12:58:00,254.35,21.37
ord_0531,1,prod_0048,sell_0028,2025-06-18 09:47:00,564.81,17.05
ord_0532,1,prod_0030,sell_0002,2025-09-06 16:26:00,640.56,35.79
ord_0532,2,prod_0008,sell_0034,2025-09-09 23:26:00,795.81,18.25
ord_0532,3,prod_0067,sell_0014,2025-09-13 04:26:00,384.51,19.05
ord_0533,1,prod_0006,sell_0011,2025-08-17 11:51:00,255.89,45.34
ord_0533,2,prod_0064,sell_0028,2025-08-11 14:51:00,2035.54,42.87
ord_0533,3,prod_0001,sell_0016,2025-08-15 00:51:00,90.48,52.56
ord_0533,4,prod_0084,sell_0020,2025-08-14 02:51:00,490.06,59.32
ord_0534,1,prod_0017,sell_0010,2025-08-08 18:17:00,391.74,39.70
ord_0535,1,prod_0082,sell_0029,2025-07-17 06:13:00,810.99,59.45
ord_0536,1,prod_0086,sell_0041,2025-10-02 19:17:00,92.05,4.37
ord_0536,2,prod_0092,sell_0027,2025-10-05 15:17:00,155.04,23.63
ord_0536,3,prod_0063,sell_0022,2025-10-03 13:17:00,100.17,62.54
ord_0537,1,prod_0031,sell_0041,2025-09-09 15:10:00,134.25,24.56
ord_0538,1,prod_0041,sell_0022,2025-07-14 16:16:00,36.14,29.46
ord_0538,2,prod_0077,sell_0039,2025-07-12 13:16:00,17.60,29.68
ord_0538,3,prod_0070,sell_0001,2025-07-13 10:16:00,468.90,30.16
ord_0539,1,prod_0060,sell_0022,2025-09-26 05:15:00,218.69,57.80
ord_0539,2,prod_0099,sell_0017,2025-09-28 00:15:00,95.41,21.54
ord_0539,3,prod_0091,sell_0021,2025-09-28 16:15:00,259.79,57.43
ord_0540,1,prod_0099,sell_0024,2025-09-18 04:43:00,416.44,20.54
ord_0541,1,prod_0016,sell_0020,2025-06-25 00:51:00,189.43,40.21
ord_0541,2,prod_0050,sell_0042,2025-06-29 18:51:00,44.27,49.40
ord_0541,3,prod_0061,sell_0048,2025-06-28 04:51:00,967.70,61.02
ord_0541,4,prod_0020,sell_0004,2025-06-29 04:51:00,150.29,36.82
ord_0542,1,prod_0092,sell_0011,2025-07-18 15:42:00,899.18,23.23
ord_0543,1,prod_0062,sell_0032,2025-07-11 03:04:00,833.41,47.50
ord_0544,1,prod_0058,sell_0036,2025-09-03 00:11:00,661.52,36.96
ord_0545,1,prod_0052,sell_0047,2025-07-15 10:20:00,208.05,17.84
ord_0546,1,prod_0087,sell_0001,2025-07-12 11:00:00,82.22,21.32
ord_0546,2,prod_0100,sell_0006,2025-07-08 17:00:00,2073.87,46.49
ord_0546,3,prod_0017,sell_0032,2025-07-11 14:00:00,97.48,40.50
ord_0547,1,prod_0010,sell_0031,2025-07-07 20:07:00,1927.15,21.02
ord_0548,1,prod_0006,sell_0017,2025-06-25 18:24:00,178.34,43.64
ord_0549,1,prod_0078,sell_0036,2025-09-12 16:18:00,149.59,61.70
ord_0550,1,prod_0045,sell_0028,2025-06-19 21:50:00,863.06,46.96
ord_0551,1,prod_0083,sell_0025,2025-07-05 16:18:00,582.59,10.03
ord_0552,1,prod_0050,sell_0031,2025-08-18 21:44:00,53.44,48.90
ord_0552,2,prod_0032,sell_0024,2025-08-21 11:44:00,278.36,15.23
ord_0552,3,prod_0064,sell_0015,2025-08-20 18:44:00,2264.10,42.37
ord_0553,1,prod_0056,sell_0017,2025-09-21 23:59:00,233.55,5.53
ord_0554,1,prod_0099,sell_0024,2025-08-14 05:16:00,260.91,20.14
ord_0555,1,prod_0083,sell_0043,2025-08-30 19:03:00,1438.13,16.71
ord_0556,1,prod_0054,sell_0031,2025-07-30 20:54:00,649.57,20.36
ord_0557,1,prod_0069,sell_0023,2025-09-12 05:21:00,296.39,64.12
ord_0557,2,prod_0006,sell_0034,2025-09-13 04:21:00,71.44,44.94
ord_0557,3,prod_0008,sell_0036,2025-09-13 04:21:00,177.01,18.95
ord_0557,4,prod_0017,sell_0039,2025-09-08 23:21:00,302.59,41.00
ord_0558,1,prod_0076,sell_0030,2025-06-19 23:28:00,67.43,55.53
ord_0559,1,prod_0058,sell_0045,2025-09-17 23:35:00,934.30,36.56
ord_0560,1,prod_0051,sell_0007,2025-09-20 11:38:00,368.24,16.97
ord_0561,1,prod_0004,sell_0022,2025-09-13 00:50:00,60.83,15.90
ord_0561,2,prod_0069,sell_0037,2025-09-15 07:50:00,935.46,62.52
ord_0562,1,prod_0064,sell_0015,2025-09-18 21:14:00,236.47,41.77
ord_0564,1,prod_0100,sell_0014,2025-08-02 14:59:00,1980.38,45.69
ord_0565,1,prod_0002,sell_0012,2025-07-14 17:19:00,1180.22,10.38
ord_0565,2,prod_0060,sell_0040,2025-07-15 13:19:00,74.62,33.71
ord_0565,3,prod_0098,sell_0025,2025-07-15 07:19:00,2412.27,17.22
ord_0565,4,prod_0009,sell_0003,2025-07-13 22:19:00,18.25,16.37
ord_0565,5,prod_0005,sell_0025,2025-07-13 23:19:00,583.78,30.19
ord_0566,1,prod_0079,sell_0024,2025-08-18 14:11:00,377.95,16.86
ord_0567,1,prod_0073,sell_0031,2025-08-26 04:21:00,704.28,13.89
ord_0567,2,prod_0083,sell_0021,2025-08-21 17:21:00,456.66,12.93
ord_0567,3,prod_0024,sell_0026,2025-08-22 10:21:00,220.52,19.82
ord_0567,4,prod_0084,sell_0021,2025-08-24 03:21:00,1178.28,34.26
ord_0567,5,prod_0047,sell_0042,2025-08-25 05:21:00,41.78,28.72
ord_0567,6,prod_0086,sell_0049,2025-08-22 20:21:00,16.35,6.03
ord_0568,1,prod_0015,sell_0009,2025-09-29 15:36:00,74.32,8.07
ord_0569,1,prod_0054,sell_0042,2025-08-26 12:47:00,1125.63,20.36
ord_0570,1,prod_0037,sell_0008,2025-06-30 19:43:00,520.33,18.71
ord_0570,2,prod_0069,sell_0003,2025-07-03 08:43:00,597.47,35.00
ord_0571,1,prod_0075,sell_0030,2025-07-18 10:25:00,154.61,3.13
ord_0571,2,prod_0038,sell_0003,2025-07-19 13:25:00,773.22,6.24
ord_0572,1,prod_0015,sell_0033,2025-06-30 22:19:00,253.22,11.97
ord_0572,2,prod_0010,sell_0037,2025-07-01 07:19:00,2413.67,24.72
ord_0572,3,prod_0080,sell_0018,2025-06-29 13:19:00,705.41,49.95
ord_0572,4,prod_0064,sell_0020,2025-07-01 10:19:00,1633.58,44.67
ord_0572,5,prod_0068,sell_0040,2025-06-28 21:19:00,47.33,7.35
ord_0572,6,prod_0082,sell_0040,2025-07-01 17:19:00,1032.22,63.15
ord_0572,7,prod_0057,sell_0034,2025-06-27 21:19:00,788.36,56.22
ord_0572,8,prod_0034,sell_0016,2025-07-03 06:19:00,245.71,12.99
ord_0573,1,prod_0034,sell_0046,2025-08-28 03:31:00,273.47,9.49
ord_0574,1,prod_0099,sell_0012,2025-09-24 13:43:00,636.51,20.54
ord_0575,1,prod_0020,sell_0029,2025-07-22 08:36:00,276.18,34.52
ord_0576,1,prod_0011,sell_0017,2025-08-05 10:35:00,85.63,57.13
ord_0577,1,prod_0090,sell_0008,2025-09-26 03:05:00,174.77,10.59
ord_0577,2,prod_0006,sell_0044,2025-09-27 21:05:00,291.26,44.14
ord_0578,1,prod_0036,sell_0011,2025-09-30 06:25:00,891.88,52.76
ord_0578,2,prod_0009,sell_0037,2025-09-27 17:25:00,116.25,26.37
ord_0578,3,prod_0100,sell_0038,2025-10-02 00:25:00,1863.85,47.19
ord_0578,4,prod_0055,sell_0045,2025-10-01 23:25:00,71.17,63.94
ord_0579,1,prod_0076,sell_0001,2025-06-21 04:40:00,114.93,56.43
ord_0579,2,prod_0045,sell_0029,2025-06-18 08:40:00,560.45,48.66
ord_0579,3,prod_0059,sell_0038,2025-06-20 00:40:00,305.38,41.22
ord_0579,4,prod_0063,sell_0032,2025-06-18 16:40:00,202.91,62.64
ord_0580,1,prod_0007,sell_0030,2025-08-17 10:46:00,32.90,37.14
ord_0580,2,prod_0046,sell_0001,2025-08-16 00:46:00,262.66,43.05
ord_0580,3,prod_0057,sell_0020,2025-08-20 20:46:00,640.44,54.02
ord_0580,4,prod_0050,sell_0001,2025-08-17 07:46:00,115.27,49.20
ord_0581,1,prod_0012,sell_0046,2025-08-31 14:46:00,813.52,21.37
ord_0581,2,prod_0004,sell_0043,2025-09-01 02:46:00,132.49,17.00
ord_0581,3,prod_0021,sell_0025,2025-08-28 12:46:00,587.00,13.35
ord_0582,1,prod_0068,sell_0033,2025-06-10 19:02:00,299.60,5.15
ord_0582,2,prod_0074,sell_0018,2025-06-09 15:02:00,37.34,42.18
ord_0582,3,prod_0072,sell_0025,2025-06-13 04:02:00,262.93,29.28
ord_0582,4,prod_0013,sell_0029,2025-06-12 04:02:00,526.72,61.15
ord_0583,1,prod_0042,sell_0042,2025-06-05 21:21:00,316.53,31.51
ord_0584,1,prod_0078,sell_0050,2025-08-11 05:18:00,34.44,65.00
ord_0584,2,prod_0011,sell_0018,2025-08-12 21:18:00,135.86,60.23
ord_0584,3,prod_0077,sell_0036,2025-08-10 23:18:00,287.68,31.58
ord_0584,4,prod_0037,sell_0005,2025-08-13 23:18:00,919.09,34.72
ord_0584,5,prod_0086,sell_0018,2025-08-10 14:18:00,249.65,5.87
ord_0584,6,prod_0006,sell_0027,2025-08-09 15:18:00,85.39,45.54
ord_0585,1,prod_0100,sell_0023,2025-10-04 08:07:00,1410.33,45.49
ord_0586,1,prod_0090,sell_0003,2025-08-25 11:27:00,185.58,10.79
ord_0586,2,prod_0094,sell_0021,2025-08-28 00:27:00,722.04,58.34
ord_0587,1,prod_0032,sell_0024,2025-09-06 22:35:00,227.62,14.03
ord_0589,1,prod_0023,sell_0027,2025-08-03 20:02:00,470.36,57.16
ord_0590,1,prod_0020,sell_0010,2025-10-01 14:58:00,359.37,34.92
ord_0592,1,prod_0029,sell_0047,2025-09-07 18:27:00,482.63,51.68
ord_0592,2,prod_0012,sell_0043,2025-09-07 14:27:00,542.29,21.87
ord_0592,3,prod_0048,sell_0027,2025-09-04 19:27:00,400.08,18.95
ord_0592,4,prod_0004,sell_0026,2025-09-06 20:27:00,150.71,17.10
ord_0593,1,prod_0090,sell_0023,2025-06-13 11:15:00,103.14,7.11
ord_0594,1,prod_0075,sell_0025,2025-07-08 10:09:00,173.76,2.83
ord_0595,1,prod_0050,sell_0009,2025-09-28 15:55:00,50.20,49.60
ord_0595,2,prod_0064,sell_0023,2025-09-26 23:55:00,1826.17,43.47
ord_0595,3,prod_0091,sell_0041,2025-09-30 20:55:00,137.10,59.13
ord_0595,4,prod_0027,sell_0005,2025-10-01 19:55:00,345.10,53.21
ord_0595,5,prod_0006,sell_0027,2025-09-30 23:55:00,365.64,45.54
ord_0595,6,prod_0071,sell_0015,2025-09-25 18:55:00,323.69,45.85
ord_0596,1,prod_0024,sell_0043,2025-07-10 22:20:00,209.53,30.76
ord_0597,1,prod_0064,sell_0007,2025-09-25 16:12:00,1056.05,41.77
ord_0598,1,prod_0050,sell_0026,2025-07-08 23:21:00,103.00,27.05
ord_0598,2,prod_0071,sell_0042,2025-07-08 21:21:00,281.90,24.84
ord_0598,3,prod_0030,sell_0041,2025-07-04 11:21:00,852.28,20.86
ord_0599,1,prod_0092,sell_0046,2025-06-27 12:44:00,278.29,24.13
ord_0599,2,prod_0015,sell_0021,2025-06-29 07:44:00,386.38,9.37
ord_0599,3,prod_0016,sell_0050,2025-06-24 01:44:00,1199.50,40.41
ord_0599,4,prod_0095,sell_0043,2025-06-25 23:44:00,2560.31,23.85
ord_0600,1,prod_0047,sell_0017,2025-09-05 04:21:00,526.77,47.71
ord_0600,2,prod_0083,sell_0027,2025-09-07 09:21:00,123.96,17.71
ord_0600,3,prod_0085,sell_0017,2025-09-03 20:21:00,957.50,8.26
