order_id,customer_id,order_status,order_purchase_timestamp,order_approved_at,order_delivered_carrier_date,order_delivered_customer_date,order_estimated_delivery_date
ord_0001,cust_0001,shipped,2025-08-31 11:26:00,2025-08-31 12:47:00,2025-09-04 02:26:00,,2025-09-12 11:26:00
ord_0002,cust_0002,invoiced,2025-09-08 19:19:00,2025-09-08 21:54:00,,,2025-09-14 19:19:00
ord_0003,cust_0003,invoiced,2025-06-10 04:42:00,2025-06-10 05:59:00,,,2025-06-29 04:42:00
ord_0004,cust_0004,delivered,2025-08-12 01:23:00,2025-08-12 01:52:00,2025-08-14 13:23:00,2025-08-21 20:23:00,2025-08-20 01:23:00
ord_0005,cust_0005,canceled,2025-09-01 16:01:00,2025-09-01 16:21:00,,,2025-09-11 16:01:00
ord_0006,cust_0006,delivered,2025-08-18 10:08:00,2025-08-18 10:41:00,2025-08-21 13:08:00,2025-08-25 17:08:00,2025-08-22 10:08:00
ord_0007,cust_0007,delivered,2025-06-18 22:11:00,2025-06-19 00:00:00,2025-06-19 01:11:00,2025-06-27 04:11:00,2025-06-22 22:11:00
ord_0008,cust_0008,delivered,2025-08-01 15:53:00,2025-08-01 18:46:00,2025-08-04 22:53:00,2025-08-11 20:53:00,2025-08-12 15:53:00
ord_0009,cust_0009,delivered,2025-09-08 21:50:00,2025-09-08 23:17:00,2025-09-09 15:50:00,2025-09-15 16:50:00,2025-09-28 21:50:00
ord_0010,cust_0010,delivered,2025-08-05 22:28:00,2025-08-06 00:07:00,2025-08-06 01:28:00,2025-08-15 12:28:00,2025-08-16 22:28:00
ord_0011,cust_0011,shipped,2025-08-15 15:09:00,2025-08-15 16:26:00,2025-08-16 07:09:00,,2025-08-26 15:09:00
ord_0012,cust_0012,delivered,2025-09-27 07:13:00,2025-09-27 09:53:00,2025-09-27 12:13:00,2025-10-07 01:13:00,2025-10-03 07:13:00
ord_0013,cust_0013,shipped,2025-08-17 02:42:00,2025-08-17 04:22:00,2025-08-17 08:42:00,,2025-08-31 02:42:00
ord_0014,cust_0014,delivered,2025-07-25 17:49:00,2025-07-25 19:55:00,2025-07-29 05:49:00,2025-08-07 06:49:00,2025-07-29 17:49:00
ord_0015,cust_0015,invoiced,2025-06-10 02:56:00,2025-06-10 04:49:00,,,2025-06-25 02:56:00
ord_0016,cust_0016,delivered,2025-06-07 02:33:00,2025-06-07 04:25:00,2025-06-08 23:33:00,2025-06-19 20:33:00,2025-06-20 02:33:00
ord_0017,cust_0017,delivered,2025-06-13 23:19:00,2025-06-13 23:35:00,2025-06-15 01:19:00,2025-06-21 17:19:00,2025-06-20 23:19:00
ord_0018,cust_0018,delivered,2025-09-20 02:19:00,2025-09-20 03:02:00,2025-09-20 04:19:00,2025-09-29 23:19:00,2025-09-26 02:19:00
ord_0019,cust_0019,invoiced,2025-07-22 16:50:00,2025-07-22 19:49:00,,,2025-08-05 16:50:00
ord_0020,cust_0020,invoiced,2025-09-28 11:14:00,2025-09-28 13:27:00,,,2025-10-07 11:14:00
ord_0021,cust_0021,delivered,2025-08-11 13:47:00,2025-08-11 14:42:00,2025-08-13 00:47:00,2025-08-19 13:47:00,2025-08-19 13:47:00
ord_0022,cust_0022,canceled,2025-07-31 18:53:00,2025-07-31 21:12:00,,,2025-08-04 18:53:00
ord_0023,cust_0023,delivered,2025-09-04 21:06:00,2025-09-04 23:52:00,2025-09-08 11:06:00,2025-09-17 21:06:00,2025-09-24 21:06:00
ord_0024,cust_0024,shipped,2025-09-13 04:41:00,2025-09-13 05:21:00,2025-09-14 07:41:00,,2025-09-17 04:41:00
ord_0025,cust_0025,delivered,2025-09-01 18:01:00,2025-09-01 20:48:00,2025-09-03 04:01:00,2025-09-06 14:01:00,2025-09-19 18:01:00
ord_0026,cust_0026,delivered,2025-07-27 18:02:00,2025-07-27 21:00:00,2025-07-31 13:02:00,2025-08-09 03:02:00,2025-08-08 18:02:00
ord_0027,cust_0027,delivered,2025-09-11 09:51:00,2025-09-11 12:49:00,2025-09-11 09:51:00,2025-09-17 11:51:00,2025-09-22 09:51:00
ord_0028,cust_0028,delivered,2025-07-30 03:43:00,2025-07-30 04:57:00,2025-08-02 00:43:00,2025-08-12 00:43:00,2025-08-13 03:43:00
ord_0029,cust_0029,canceled,2025-07-06 09:06:00,2025-07-06 11:09:00,,,2025-07-21 09:06:00
ord_0030,cust_0030,delivered,2025-08-01 17:09:00,2025-08-01 18:17:00,2025-08-05 09:09:00,2025-08-09 02:09:00,2025-08-07 17:09:00
ord_0031,cust_0031,invoiced,2025-06-10 13:25:00,2025-06-10 14:08:00,,,2025-06-27 13:25:00
ord_0032,cust_0032,delivered,2025-07-11 05:44:00,2025-07-11 08:31:00,2025-07-13 04:44:00,2025-07-18 18:44:00,2025-07-21 05:44:00
ord_0033,cust_0033,canceled,2025-06-09 06:49:00,2025-06-09 08:40:00,,,2025-06-21 06:49:00
ord_0034,cust_0034,delivered,2025-07-25 14:39:00,2025-07-25 17:06:00,2025-07-26 14:39:00,2025-07-30 23:39:00,2025-07-29 14:39:00
ord_0035,cust_0035,invoiced,2025-06-11 21:00:00,2025-06-11 23:25:00,,,2025-06-29 21:00:00
ord_0036,cust_0036,delivered,2025-08-04 01:36:00,2025-08-04 01:57:00,2025-08-04 09:36:00,2025-08-09 21:36:00,2025-08-18 01:36:00
ord_0037,cust_0037,delivered,2025-07-02 03:08:00,2025-07-02 04:36:00,2025-07-02 21:08:00,2025-07-16 01:08:00,2025-07-13 03:08:00
ord_0038,cust_0038,delivered,2025-07-06 00:58:00,2025-07-06 02:55:00,2025-07-06 04:58:00,2025-07-07 04:58:00,2025-07-18 00:58:00
ord_0039,cust_0039,delivered,2025-06-09 16:22:00,2025-06-09 16:59:00,2025-06-11 01:22:00,2025-06-20 08:22:00,2025-06-24 16:22:00
ord_0040,cust_0040,delivered,2025-08-16 23:25:00,2025-08-17 01:43:00,2025-08-19 17:25:00,2025-08-28 01:25:00,2025-09-01 23:25:00
ord_0041,cust_0041,delivered,2025-08-30 11:35:00,2025-08-30 12:01:00,2025-09-01 05:35:00,2025-09-10 19:35:00,2025-09-07 11:35:00
ord_0042,cust_0042,shipped,2025-06-04 09:52:00,2025-06-04 12:51:00,2025-06-05 16:52:00,,2025-06-22 09:52:00
ord_0043,cust_0043,invoiced,2025-09-09 20:08:00,2025-09-09 21:48:00,,,2025-09-16 20:08:00
ord_0044,cust_0044,delivered,2025-08-21 10:15:00,2025-08-21 13:08:00,2025-08-25 07:15:00,2025-08-30 19:15:00,2025-09-02 10:15:00
ord_0045,cust_0045,delivered,2025-07-21 07:31:00,2025-07-21 08:55:00,2025-07-23 12:31:00,2025-08-04 21:31:00,2025-07-28 07:31:00
ord_0046,cust_0046,delivered,2025-06-10 13:18:00,2025-06-10 15:32:00,2025-06-10 15:18:00,2025-06-16 21:18:00,2025-06-25 13:18:00
ord_0047,cust_0047,delivered,2025-07-20 11:24:00,2025-07-20 12:06:00,2025-07-20 19:24:00,2025-08-01 08:24:00,2025-08-05 11:24:00
ord_0048,cust_0048,delivered,2025-07-31 18:12:00,2025-07-31 20:33:00,2025-08-04 00:12:00,2025-08-13 13:12:00,2025-08-16 18:12:00
ord_0049,cust_0049,delivered,2025-09-21 16:26:00,2025-09-21 18:53:00,2025-09-23 23:26:00,2025-10-07 10:26:00,2025-10-11 16:26:00
ord_0050,cust_0050,delivered,2025-06-10 14:27:00,2025-06-10 16:56:00,2025-06-12 18:27:00,2025-06-16 11:27:00,2025-06-20 14:27:00
ord_0051,cust_0051,delivered,2025-09-06 07:42:00,2025-09-06 08:48:00,2025-09-06 17:42:00,2025-09-16 15:42:00,2025-09-09 07:42:00
ord_0052,cust_0052,delivered,2025-09-10 01:04:00,2025-09-10 01:15:00,2025-09-13 16:04:00,2025-09-22 03:04:00,2025-09-13 01:04:00
ord_0053,cust_0053,delivered,2025-06-23 13:14:00,2025-06-23 13:39:00,2025-06-24 03:14:00,2025-06-30 20:14:00,2025-06-27 13:14:00
ord_0054,cust_0054,delivered,2025-08-08 17:21:00,2025-08-08 18:17:00,2025-08-09 09:21:00,2025-08-18 12:21:00,2025-08-28 17:21:00
ord_0055,cust_0055,delivered,2025-09-09 05:26:00,2025-09-09 07:17:00,2025-09-12 12:26:00,2025-09-21 02:26:00,2025-09-23 05:26:00
ord_0056,cust_0056,delivered,2025-08-05 12:38:00,2025-08-05 14:19:00,2025-08-09 10:38:00,2025-08-11 00:38:00,2025-08-11 12:38:00
ord_0057,cust_0057,canceled,2025-06-15 13:29:00,2025-06-15 16:18:00,,,2025-07-04 13:29:00
ord_0058,cust_0058,delivered,2025-07-29 08:04:00,2025-07-29 08:13:00,2025-08-02 07:04:00,2025-08-10 10:04:00,2025-08-11 08:04:00
ord_0059,cust_0059,delivered,2025-06-02 04:02:00,2025-06-02 05:48:00,2025-06-02 06:02:00,2025-06-12 22:02:00,2025-06-18 04:02:00
ord_0060,cust_0060,delivered,2025-07-10 23:04:00,2025-07-10 23:15:00,2025-07-13 01:04:00,2025-07-19 12:04:00,2025-07-21 23:04:00
ord_0061,cust_0061,delivered,2025-08-21 21:46:00,2025-08-22 00:26:00,2025-08-22 20:46:00,2025-08-26 13:46:00,2025-09-03 21:46:00
ord_0062,cust_0062,delivered,2025-08-16 03:11:00,2025-08-16 04:52:00,2025-08-19 17:11:00,2025-09-01 02:11:00,2025-08-19 03:11:00
ord_0063,cust_0063,delivered,2025-08-09 16:15:00,2025-08-09 16:24:00,2025-08-10 22:15:00,2025-08-14 02:15:00,2025-08-13 16:15:00
ord_0064,cust_0064,canceled,2025-06-22 15:10:00,2025-06-22 17:27:00,,,2025-07-08 15:10:00
ord_0065,cust_0065,delivered,2025-09-06 10:03:00,2025-09-06 12:55:00,2025-09-06 14:03:00,2025-09-11 15:03:00,2025-09-17 10:03:00
ord_0066,cust_0066,delivered,2025-07-22 07:48:00,2025-07-22 08:24:00,2025-07-26 02:48:00,2025-07-29 08:48:00,2025-07-31 07:48:00
ord_0067,cust_0067,delivered,2025-06-09 17:55:00,2025-06-09 18:20:00,2025-06-13 11:55:00,2025-06-26 13:55:00,2025-06-16 17:55:00
ord_0068,cust_0068,delivered,2025-09-25 20:05:00,2025-09-25 22:22:00,2025-09-28 20:05:00,2025-10-09 06:05:00,2025-10-15 20:05:00
ord_0069,cust_0069,shipped,2025-07-31 21:25:00,2025-07-31 23:02:00,2025-08-03 12:25:00,,2025-08-13 21:25:00
ord_0070,cust_0070,delivered,2025-08-22 11:21:00,2025-08-22 12:05:00,2025-08-25 09:21:00,2025-08-31 12:21:00,2025-09-10 11:21:00
ord_0071,cust_0071,delivered,2025-06-19 08:32:00,2025-06-19 09:53:00,2025-06-21 00:32:00,2025-07-03 06:32:00,2025-07-07 08:32:00
ord_0072,cust_0072,canceled,2025-06-17 22:56:00,2025-06-17 23:12:00,,,2025-06-24 22:56:00
ord_0073,cust_0073,delivered,2025-08-14 21:25:00,2025-08-14 22:58:00,2025-08-16 17:25:00,2025-08-23 21:25:00,2025-08-20 21:25:00
ord_0074,cust_0074,processing,2025-07-29 22:11:00,2025-07-29 22:51:00,,,2025-08-11 22:11:00
ord_0075,cust_0075,processing,2025-09-26 00:36:00,2025-09-26 02:06:00,,,2025-10-03 00:36:00
ord_0076,cust_0076,delivered,2025-07-02 08:48:00,2025-07-02 08:59:00,2025-07-05 05:48:00,2025-07-12 13:48:00,2025-07-22 08:48:00
ord_0077,cust_0077,delivered,2025-09-28 23:25:00,2025-09-29 01:18:00,2025-10-01 14:25:00,2025-10-09 08:25:00,2025-10-10 23:25:00
ord_0078,cust_0078,delivered,2025-09-28 11:54:00,2025-09-28 12:18:00,2025-10-01 04:54:00,2025-10-02 03:54:00,2025-10-08 11:54:00
ord_0079,cust_0079,delivered,2025-08-24 08:22:00,2025-08-24 08:56:00,2025-08-27 22:22:00,2025-09-07 03:22:00,2025-09-05 08:22:00
ord_0080,cust_0080,delivered,2025-07-31 11:44:00,2025-07-31 14:05:00,2025-08-02 18:44:00,2025-08-09 22:44:00,2025-08-15 11:44:00
ord_0081,cust_0081,delivered,2025-08-29 20:56:00,2025-08-29 21:04:00,2025-09-01 05:56:00,2025-09-06 05:56:00,2025-09-15 20:56:00
ord_0082,cust_0082,delivered,2025-08-30 23:11:00,2025-08-30 23:39:00,2025-09-03 17:11:00,2025-09-12 17:11:00,2025-09-13 23:11:00
ord_0083,cust_0083,delivered,2025-07-11 04:11:00,2025-07-11 06:22:00,2025-07-12 16:11:00,2025-07-24 09:11:00,2025-07-15 04:11:00
ord_0084,cust_0084,delivered,2025-08-30 05:29:00,2025-08-30 06:05:00,2025-08-30 10:29:00,2025-09-10 05:29:00,2025-09-12 05:29:00
ord_0085,cust_0085,delivered,2025-07-08 00:25:00,2025-07-08 03:20:00,2025-07-10 11:25:00,2025-07-18 21:25:00,2025-07-26 00:25:00
ord_0086,cust_0086,delivered,2025-08-29 03:33:00,2025-08-29 04:49:00,2025-08-30 07:33:00,2025-09-07 19:33:00,2025-09-10 03:33:00
ord_0087,cust_0087,delivered,2025-08-31 22:48:00,2025-08-31 23:08:00,2025-09-03 00:48:00,2025-09-07 21:48:00,2025-09-03 22:48:00
ord_0088,cust_0088,delivered,2025-08-30 20:51:00,2025-08-30 21:37:00,2025-09-02 21:51:00,2025-09-10 00:51:00,2025-09-09 20:51:00
ord_0089,cust_0089,invoiced,2025-07-26 06:57:00,2025-07-26 08:39:00,,,2025-08-13 06:57:00
ord_0090,cust_0090,delivered,2025-09-13 18:25:00,2025-09-13 21:22:00,2025-09-14 08:25:00,2025-09-26 19:25:00,2025-09-17 18:25:00
ord_0091,cust_0091,processing,2025-07-11 17:11:00,2025-07-11 17:23:00,,,2025-07-26 17:11:00
ord_0092,cust_0092,shipped,2025-09-08 08:37:00,2025-09-08 11:05:00,2025-09-11 17:37:00,,2025-09-17 08:37:00
ord_0093,cust_0093,canceled,2025-06-27 20:22:00,2025-06-27 21:55:00,,,2025-07-13 20:22:00
ord_0094,cust_0094,delivered,2025-08-16 13:30:00,2025-08-16 15:30:00,2025-08-18 06:30:00,2025-08-31 01:30:00,2025-09-02 13:30:00
ord_0095,cust_0095,delivered,2025-09-19 19:01:00,2025-09-19 21:09:00,2025-09-19 22:01:00,2025-10-01 23:01:00,2025-10-02 19:01:00
ord_0096,cust_0096,delivered,2025-09-08 01:01:00,2025-09-08 03:26:00,2025-09-09 08:01:00,2025-09-15 01:01:00,2025-09-15 01:01:00
ord_0097,cust_0097,delivered,2025-09-16 12:18:00,2025-09-16 14:44:00,2025-09-18 20:18:00,2025-09-30 04:18:00,2025-09-20 12:18:00
ord_0098,cust_0098,delivered,2025-06-02 05:08:00,2025-06-02 05:37:00,2025-06-03 22:08:00,2025-06-15 15:08:00,2025-06-07 05:08:00
ord_0099,cust_0099,delivered,2025-08-07 06:07:00,2025-08-07 06:24:00,2025-08-07 13:07:00,2025-08-20 01:07:00,2025-08-18 06:07:00
ord_0100,cust_0100,delivered,2025-09-04 16:47:00,2025-09-04 19:09:00,2025-09-04 17:47:00,2025-09-08 13:47:00,2025-09-20 16:47:00
ord_0101,cust_0101,delivered,2025-07-01 22:33:00,2025-07-01 23:42:00,2025-07-05 03:33:00,2025-07-13 11:33:00,2025-07-09 22:33:00
ord_0102,cust_0102,delivered,2025-08-12 21:31:00,2025-08-12 23:33:00,2025-08-15 19:31:00,2025-08-27 21:31:00,2025-08-18 21:31:00
ord_0103,cust_0103,delivered,2025-07-25 04:52:00,2025-07-25 06:17:00,2025-07-28 03:52:00,2025-07-31 13:52:00,2025-08-02 04:52:00
ord_0104,cust_0104,delivered,2025-07-25 19:23:00,2025-07-25 19:55:00,2025-07-28 13:23:00,2025-08-08 21:23:00,2025-08-14 19:23:00
ord_0105,cust_0105,delivered,2025-08-30 17:04:00,2025-08-30 17:55:00,2025-09-01 00:04:00,2025-09-08 16:04:00,2025-09-03 17:04:00
ord_0106,cust_0106,invoiced,2025-08-18 02:50:00,2025-08-18 04:25:00,,,2025-08-25 02:50:00
ord_0107,cust_0107,delivered,2025-09-16 17:17:00,2025-09-16 20:02:00,2025-09-18 02:17:00,2025-09-25 09:17:00,2025-10-03 17:17:00
ord_0108,cust_0108,delivered,2025-09-23 16:58:00,2025-09-23 17:53:00,2025-09-25 23:58:00,2025-10-04 23:58:00,2025-09-27 16:58:00
ord_0109,cust_0109,delivered,2025-06-25 12:30:00,2025-06-25 14:26:00,2025-06-29 07:30:00,2025-07-04 06:30:00,2025-07-03 12:30:00
ord_0110,cust_0110,delivered,2025-09-14 08:03:00,2025-09-14 09:45:00,2025-09-15 05:03:00,2025-09-22 05:03:00,2025-09-25 08:03:00
ord_0111,cust_0111,delivered,2025-07-05 23:17:00,2025-07-06 01:04:00,2025-07-07 17:17:00,2025-07-11 07:17:00,2025-07-14 23:17:00
ord_0112,cust_0112,delivered,2025-06-13 16:30:00,2025-06-13 18:43:00,2025-06-16 03:30:00,2025-06-27 08:30:00,2025-06-19 16:30:00
ord_0113,cust_0113,delivered,2025-09-25 17:23:00,2025-09-25 20:20:00,2025-09-28 06:23:00,2025-10-05 00:23:00,2025-10-07 17:23:00
ord_0114,cust_0114,canceled,2025-08-19 20:49:00,2025-08-19 22:20:00,,,2025-09-06 20:49:00
ord_0115,cust_0115,delivered,2025-08-21 10:25:00,2025-08-21 13:14:00,2025-08-23 12:25:00,2025-08-29 05:25:00,2025-09-09 10:25:00
ord_0116,cust_0116,delivered,2025-09-29 20:19:00,2025-09-29 23:11:00,2025-10-01 00:19:00,2025-10-08 21:19:00,2025-10-15 20:19:00
ord_0117,cust_0117,delivered,2025-09-13 12:45:00,2025-09-13 14:51:00,2025-09-15 14:45:00,2025-09-20 14:45:00,2025-09-28 12:45:00
ord_0118,cust_0118,invoiced,2025-07-21 12:01:00,2025-07-21 14:43:00,,,2025-07-29 12:01:00
ord_0119,cust_0119,invoiced,2025-06-02 04:31:00,2025-06-02 04:48:00,,,2025-06-21 04:31:00
ord_0120,cust_0120,delivered,2025-06-07 01:45:00,2025-06-07 02:43:00,2025-06-07 15:45:00,2025-06-18 12:45:00,2025-06-19 01:45:00
ord_0121,cust_0121,processing,2025-09-25 06:40:00,2025-09-25 08:49:00,,,2025-10-08 06:40:00
ord_0122,cust_0122,delivered,2025-07-04 22:55:00,2025-07-04 23:36:00,2025-07-05 12:55:00,2025-07-09 09:55:00,2025-07-10 22:55:00
ord_0123,cust_0123,delivered,2025-07-05 08:14:00,2025-07-05 11:00:00,2025-07-08 21:14:00,2025-07-18 08:14:00,2025-07-13 08:14:00
ord_0124,cust_0124,shipped,2025-09-25 23:40:00,2025-09-26 01:30:00,2025-09-27 07:40:00,,2025-10-12 23:40:00
ord_0125,cust_0125,shipped,2025-09-12 15:10:00,2025-09-12 17:28:00,2025-09-15 03:10:00,,2025-09-17 15:10:00
ord_0126,cust_0126,delivered,2025-07-19 02:26:00,2025-07-19 04:22:00,2025-07-19 03:26:00,2025-07-30 10:26:00,2025-07-26 02:26:00
ord_0127,cust_0127,delivered,2025-06-08 01:14:00,2025-06-08 03:08:00,2025-06-11 06:14:00,2025-06-17 15:14:00,2025-06-24 01:14:00
ord_0128,cust_0128,canceled,2025-08-30 09:12:00,2025-08-30 10:43:00,,,2025-09-07 09:12:00
ord_0129,cust_0129,delivered,2025-06-09 00:07:00,2025-06-09 00:31:00,2025-06-11 10:07:00,2025-06-20 06:07:00,2025-06-26 00:07:00
ord_0130,cust_0130,delivered,2025-08-31 23:15:00,2025-09-01 00:12:00,2025-09-02 03:15:00,2025-09-11 02:15:00,2025-09-17 23:15:00
ord_0131,cust_0131,delivered,2025-07-23 02:34:00,2025-07-23 03:56:00,2025-07-25 16:34:00,2025-07-31 18:34:00,2025-08-11 02:34:00
ord_0132,cust_0132,invoiced,2025-08-25 00:19:00,2025-08-25 02:01:00,,,2025-08-30 00:19:00
ord_0133,cust_0133,delivered,2025-08-01 08:24:00,2025-08-01 08:57:00,2025-08-03 15:24:00,2025-08-16 10:24:00,2025-08-14 08:24:00
ord_0134,cust_0134,canceled,2025-06-09 04:06:00,2025-06-09 06:42:00,,,2025-06-19 04:06:00
ord_0135,cust_0135,delivered,2025-09-29 22:12:00,2025-09-29 22:37:00,2025-09-30 03:12:00,2025-10-07 13:12:00,2025-10-10 22:12:00
ord_0136,cust_0136,processing,2025-07-27 21:18:00,2025-07-27 22:49:00,,,2025-08-13 21:18:00
ord_0137,cust_0137,shipped,2025-06-03 10:58:00,2025-06-03 13:13:00,2025-06-03 18:58:00,,2025-06-15 10:58:00
ord_0138,cust_0138,delivered,2025-08-14 12:10:00,2025-08-14 14:08:00,2025-08-15 11:10:00,2025-08-27 01:10:00,2025-08-27 12:10:00
ord_0139,cust_0139,invoiced,2025-06-29 00:18:00,2025-06-29 01:13:00,,,2025-07-16 00:18:00
ord_0140,cust_0140,delivered,2025-08-28 14:04:00,2025-08-28 16:01:00,2025-08-29 02:04:00,2025-08-30 09:04:00,2025-09-08 14:04:00
ord_0141,cust_0141,processing,2025-06-26 16:32:00,2025-06-26 17:41:00,,,2025-07-11 16:32:00
ord_0142,cust_0142,delivered,2025-06-14 04:25:00,2025-06-14 07:11:00,2025-06-15 14:25:00,2025-06-22 02:25:00,2025-06-24 04:25:00
ord_0143,cust_0143,delivered,2025-08-11 03:35:00,2025-08-11 06:17:00,2025-08-13 03:35:00,2025-08-22 05:35:00,2025-08-22 03:35:00
ord_0144,cust_0144,delivered,2025-09-07 08:59:00,2025-09-07 09:45:00,2025-09-08 08:59:00,2025-09-19 06:59:00,2025-09-26 08:59:00
ord_0145,cust_0145,delivered,2025-09-06 12:53:00,2025-09-06 13:35:00,2025-09-08 22:53:00,2025-09-20 13:53:00,2025-09-18 12:53:00
ord_0146,cust_0146,shipped,2025-08-27 09:40:00,2025-08-27 11:56:00,2025-08-28 03:40:00,,2025-09-14 09:40:00
ord_0147,cust_0147,invoiced,2025-09-07 15:35:00,2025-09-07 17:44:00,,,2025-09-12 15:35:00
ord_0148,cust_0148,delivered,2025-07-01 12:29:00,2025-07-01 15:16:00,2025-07-02 03:29:00,2025-07-07 09:29:00,2025-07-09 12:29:00
ord_0149,cust_0149,invoiced,2025-07-13 18:42:00,2025-07-13 20:42:00,,,2025-08-02 18:42:00
ord_0150,cust_0150,delivered,2025-06-17 15:15:00,2025-06-17 17:02:00,2025-06-19 19:15:00,2025-06-29 19:15:00,2025-06-22 15:15:00
ord_0151,cust_0151,delivered,2025-06-09 16:06:00,2025-06-09 18:50:00,2025-06-12 06:06:00,2025-06-17 00:06:00,2025-06-19 16:06:00
ord_0152,cust_0152,delivered,2025-09-08 17:15:00,2025-09-08 18:14:00,2025-09-08 18:15:00,2025-09-15 07:15:00,2025-09-22 17:15:00
ord_0153,cust_0153,delivered,2025-09-03 02:11:00,2025-09-03 03:21:00,2025-09-06 05:11:00,2025-09-17 04:11:00,2025-09-15 02:11:00
ord_0154,cust_0154,delivered,2025-09-17 00:17:00,2025-09-17 02:01:00,2025-09-19 11:17:00,2025-09-29 14:17:00,2025-09-30 00:17:00
ord_0155,cust_0155,canceled,2025-07-20 06:37:00,2025-07-20 07:37:00,,,2025-08-01 06:37:00
ord_0156,cust_0156,delivered,2025-08-08 03:48:00,2025-08-08 04:09:00,2025-08-09 06:48:00,2025-08-18 05:48:00,2025-08-11 03:48:00
ord_0157,cust_0157,delivered,2025-06-10 11:22:00,2025-06-10 13:10:00,2025-06-11 16:22:00,2025-06-21 11:22:00,2025-06-27 11:22:00
ord_0158,cust_0158,invoiced,2025-08-25 04:26:00,2025-08-25 04:44:00,,,2025-08-30 04:26:00
ord_0159,cust_0159,delivered,2025-07-16 02:39:00,2025-07-16 05:16:00,2025-07-18 10:39:00,2025-07-23 07:39:00,2025-07-23 02:39:00
ord_0160,cust_0160,canceled,2025-08-01 08:05:00,2025-08-01 08:27:00,,,2025-08-19 08:05:00
ord_0161,cust_0161,delivered,2025-09-01 14:56:00,2025-09-01 17:08:00,2025-09-04 02:56:00,2025-09-07 13:56:00,2025-09-18 14:56:00
ord_0162,cust_0162,delivered,2025-08-29 06:19:00,2025-08-29 06:35:00,2025-09-01 11:19:00,2025-09-10 17:19:00,2025-09-03 06:19:00
ord_0163,cust_0163,invoiced,2025-06-22 19:21:00,2025-06-22 20:12:00,,,2025-07-10 19:21:00
ord_0164,cust_0164,delivered,2025-07-03 18:44:00,2025-07-03 21:09:00,2025-07-04 12:44:00,2025-07-13 01:44:00,2025-07-10 18:44:00
ord_0165,cust_0165,delivered,2025-08-20 17:52:00,2025-08-20 18:37:00,2025-08-21 03:52:00,2025-09-01 15:52:00,2025-09-04 17:52:00
ord_0166,cust_0166,invoiced,2025-08-18 18:56:00,2025-08-18 19:28:00,,,2025-08-25 18:56:00
ord_0167,cust_0167,delivered,2025-06-29 19:03:00,2025-06-29 20:31:00,2025-07-01 21:03:00,2025-07-07 15:03:00,2025-07-14 19:03:00
ord_0168,cust_0168,shipped,2025-07-15 09:08:00,2025-07-15 11:38:00,2025-07-17 19:08:00,,2025-07-22 09:08:00
ord_0169,cust_0169,canceled,2025-07-13 11:40:00,2025-07-13 13:57:00,,,2025-08-01 11:40:00
ord_0170,cust_0170,delivered,2025-09-16 03:42:00,2025-09-16 06:27:00,2025-09-19 10:42:00,2025-09-29 21:42:00,2025-09-25 03:42:00
ord_0171,cust_0171,invoiced,2025-08-23 14:09:00,2025-08-23 14:31:00,,,2025-08-27 14:09:00
ord_0172,cust_0172,delivered,2025-07-22 20:07:00,2025-07-22 23:06:00,2025-07-23 08:07:00,2025-07-31 00:07:00,2025-07-30 20:07:00
ord_0173,cust_0173,delivered,2025-08-28 00:55:00,2025-08-28 02:35:00,2025-08-30 08:55:00,2025-09-09 23:55:00,2025-09-10 00:55:00
ord_0174,cust_0174,invoiced,2025-07-26 19:59:00,2025-07-26 21:57:00,,,2025-08-14 19:59:00
ord_0175,cust_0175,invoiced,2025-06-24 07:22:00,2025-06-24 08:22:00,,,2025-07-14 07:22:00
ord_0176,cust_0176,delivered,2025-06-23 22:25:00,2025-06-23 22:32:00,2025-06-26 20:25:00,2025-07-08 12:25:00,2025-07-05 22:25:00
ord_0177,cust_0177,shipped,2025-09-18 04:49:00,2025-09-18 07:33:00,2025-09-18 16:49:00,,2025-09-23 04:49:00
ord_0178,cust_0178,canceled,2025-08-29 12:00:00,2025-08-29 14:47:00,,,2025-09-10 12:00:00
ord_0179,cust_0179,invoiced,2025-08-16 20:15:00,2025-08-16 22:46:00,,,2025-09-02 20:15:00
ord_0180,cust_0180,delivered,2025-07-24 04:44:00,2025-07-24 06:10:00,2025-07-25 23:44:00,2025-08-06 15:44:00,2025-07-30 04:44:00
ord_0181,cust_0181,delivered,2025-08-04 00:46:00,2025-08-04 01:55:00,2025-08-07 15:46:00,2025-08-18 11:46:00,2025-08-23 00:46:00
ord_0182,cust_0182,delivered,2025-09-18 10:19:00,2025-09-18 11:06:00,2025-09-18 16:19:00,2025-09-24 06:19:00,2025-10-01 10:19:00
ord_0183,cust_0183,shipped,2025-06-21 20:32:00,2025-06-21 20:56:00,2025-06-24 13:32:00,,2025-06-27 20:32:00
ord_0184,cust_0184,delivered,2025-09-17 07:22:00,2025-09-17 08:42:00,2025-09-20 08:22:00,2025-09-26 02:22:00,2025-09-28 07:22:00
ord_0185,cust_0185,delivered,2025-08-11 18:38:00,2025-08-11 19:25:00,2025-08-11 20:38:00,2025-08-18 02:38:00,2025-08-28 18:38:00
ord_0186,cust_0186,invoiced,2025-08-25 00:51:00,2025-08-25 03:28:00,,,2025-09-11 00:51:00
ord_0187,cust_0187,invoiced,2025-09-11 06:04:00,2025-09-11 08:03:00,,,2025-09-27 06:04:00
ord_0188,cust_0188,processing,2025-09-25 22:56:00,2025-09-25 23:29:00,,,2025-10-07 22:56:00
ord_0189,cust_0189,delivered,2025-06-22 17:22:00,2025-06-22 18:49:00,2025-06-23 21:22:00,2025-07-03 14:22:00,2025-07-01 17:22:00
ord_0190,cust_0190,shipped,2025-07-29 06:33:00,2025-07-29 07:12:00,2025-08-01 23:33:00,,2025-08-15 06:33:00
ord_0191,cust_0191,processing,2025-07-08 15:04:00,2025-07-08 16:47:00,,,2025-07-17 15:04:00
ord_0192,cust_0192,delivered,2025-08-09 19:11:00,2025-08-09 21:43:00,2025-08-11 09:11:00,2025-08-21 15:11:00,2025-08-18 19:11:00
ord_0193,cust_0193,invoiced,2025-06-16 09:49:00,2025-06-16 12:26:00,,,2025-06-27 09:49:00
ord_0194,cust_0194,delivered,2025-09-03 15:42:00,2025-09-03 17:24:00,2025-09-06 23:42:00,2025-09-18 15:42:00,2025-09-20 15:42:00
ord_0195,cust_0195,shipped,2025-09-26 08:52:00,2025-09-26 09:40:00,2025-09-29 22:52:00,,2025-10-06 08:52:00
ord_0196,cust_0196,delivered,2025-06-19 08:57:00,2025-06-19 10:53:00,2025-06-19 13:57:00,2025-06-28 15:57:00,2025-06-24 08:57:00
ord_0197,cust_0197,shipped,2025-09-05 07:45:00,2025-09-05 08:27:00,2025-09-05 20:45:00,,2025-09-23 07:45:00
ord_0198,cust_0198,delivered,2025-09-01 13:02:00,2025-09-01 14:35:00,2025-09-03 16:02:00,2025-09-11 19:02:00,2025-09-21 13:02:00
ord_0199,cust_0199,delivered,2025-08-26 14:51:00,2025-08-26 16:49:00,2025-08-28 22:51:00,2025-09-05 05:51:00,2025-09-08 14:51:00
ord_0200,cust_0200,delivered,2025-09-29 15:48:00,2025-09-29 17:15:00,2025-09-30 08:48:00,2025-10-09 17:48:00,2025-10-09 15:48:00
ord_0201,cust_0001,delivered,2025-09-16 13:29:00,2025-09-16 14:03:00,2025-09-17 20:29:00,2025-09-24 08:29:00,2025-09-20 13:29:00
ord_0202,cust_0002,delivered,2025-08-14 02:27:00,2025-08-14 02:55:00,2025-08-17 06:27:00,2025-08-27 19:27:00,2025-09-01 02:27:00
ord_0203,cust_0003,delivered,2025-09-11 18:11:00,2025-09-11 18:21:00,2025-09-15 01:11:00,2025-09-23 18:11:00,2025-09-19 18:11:00
ord_0204,cust_0004,invoiced,2025-08-31 20:32:00,2025-08-31 23:27:00,,,2025-09-04 20:32:00
ord_0205,cust_0005,delivered,2025-06-14 03:17:00,2025-06-14 04:28:00,2025-06-16 11:17:00,2025-06-20 15:17:00,2025-06-30 03:17:00
ord_0206,cust_0006,invoiced,2025-08-27 01:28:00,2025-08-27 02:26:00,,,2025-09-06 01:28:00
ord_0207,cust_0007,canceled,2025-07-29 18:48:00,2025-07-29 19:00:00,,,2025-08-05 18:48:00
ord_0208,cust_0008,invoiced,2025-09-07 05:26:00,2025-09-07 07:32:00,,,2025-09-20 05:26:00
ord_0209,cust_0009,delivered,2025-09-27 22:40:00,2025-09-28 01:08:00,2025-09-29 05:40:00,2025-10-08 14:40:00,2025-10-05 22:40:00
ord_0210,cust_0010,canceled,2025-08-18 14:50:00,2025-08-18 17:26:00,,,2025-09-06 14:50:00
ord_0211,cust_0011,invoiced,2025-07-14 08:21:00,2025-07-14 10:40:00,,,2025-07-30 08:21:00
ord_0212,cust_0012,delivered,2025-08-08 14:36:00,2025-08-08 17:23:00,2025-08-08 20:36:00,2025-08-18 22:36:00,2025-08-17 14:36:00
ord_0213,cust_0013,ca,2025-07-21 21:34:00,2025-07-21 22:51:00,,,2025-08-02 21:34:00
ord_0214,cust_0014,canceled,2025-07-23 03:33:00,2025-07-23 05:26:00,,,2025-07-29 03:33:00
ord_0215,cust_0015,canceled,2025-06-07 11:44:00,2025-06-07 12:54:00,,,2025-06-25 11:44:00
ord_0216,cust_0016,canceled,2025-06-22 15:23:00,2025-06-22 16:37:00,,,2025-07-07 15:23:00
ord_0217,cust_0017,canceled,2025-08-02 23:42:00,2025-08-03 01:41:00,,,2025-08-10 23:42:00
ord_0218,cust_0018,canceled,2025-06-16 17:49:00,2025-06-16 20:44:00,,,2025-07-05 17:49:00
ord_0219,cust_0019,shipped,2025-08-20 17:28:00,2025-08-20 19:35:00,2025-08-24 03:28:00,,2025-08-28 17:28:00
ord_0220,cust_0020,canceled,2025-08-10 15:13:00,2025-08-10 17:32:00,,,2025-08-28 15:13:00
ord_0221,cust_0021,delivered,2025-07-02 05:28:00,2025-07-02 07:53:00,2025-07-04 14:28:00,2025-07-10 14:28:00,2025-07-19 05:28:00
ord_0222,cust_0022,delivered,2025-09-25 20:01:00,2025-09-25 21:35:00,2025-09-25 23:01:00,2025-10-02 10:01:00,2025-10-05 20:01:00
ord_0223,cust_0023,processing,2025-08-26 20:56:00,2025-08-26 23:39:00,,,2025-09-15 20:56:00
ord_0224,cust_0024,delivered,2025-06-17 11:36:00,2025-06-17 14:25:00,2025-06-19 04:36:00,2025-06-25 07:36:00,2025-06-23 11:36:00
ord_0225,cust_0025,delivered,2025-06-20 03:57:00,2025-06-20 06:51:00,2025-06-20 07:57:00,2025-06-26 09:57:00,2025-06-27 03:57:00
ord_0226,cust_0026,delivered,2025-06-22 21:51:00,2025-06-22 23:13:00,2025-06-25 21:51:00,2025-07-04 23:51:00,2025-07-11 21:51:00
ord_0227,cust_0027,delivered,2025-09-19 11:58:00,2025-09-19 14:12:00,2025-09-20 17:58:00,2025-09-26 05:58:00,2025-09-24 11:58:00
ord_0228,cust_0028,canceled,2025-07-08 03:56:00,2025-07-08 04:16:00,,,2025-07-13 03:56:00
ord_0229,cust_0029,invoiced,2025-08-16 16:19:00,2025-08-16 18:23:00,,,2025-08-23 16:19:00
ord_0230,cust_0030,delivered,2025-09-20 18:34:00,2025-09-20 20:37:00,2025-09-22 17:34:00,2025-09-30 07:34:00,2025-10-10 18:34:00
ord_0231,cust_0031,processing,2025-09-05 17:42:00,2025-09-05 19:38:00,,,2025-09-10 17:42:00
ord_0232,cust_0032,delivered,2025-06-15 18:01:00,2025-06-15 19:06:00,2025-06-19 07:01:00,2025-07-03 02:01:00,2025-07-01 18:01:00
ord_0233,cust_0033,delivered,2025-09-06 02:21:00,2025-09-06 05:12:00,2025-09-06 15:21:00,2025-09-17 11:21:00,2025-09-24 02:21:00
ord_0234,cust_0034,shipped,2025-06-21 08:55:00,2025-06-21 11:50:00,2025-06-23 05:55:00,,2025-06-27 08:55:00
ord_0235,cust_0035,delivered,2025-06-23 03:50:00,2025-06-23 05:22:00,2025-06-25 01:50:00,2025-06-30 23:50:00,2025-07-08 03:50:00
ord_0236,cust_0036,delivered,2025-07-22 11:54:00,2025-07-22 12:12:00,2025-07-25 05:54:00,2025-08-03 17:54:00,2025-08-10 11:54:00
ord_0237,cust_0037,delivered,2025-09-25 07:57:00,2025-09-25 08:25:00,2025-09-28 00:57:00,2025-10-06 08:57:00,2025-09-29 07:57:00
ord_0238,cust_0038,delivered,2025-07-01 20:00:00,2025-07-01 22:24:00,2025-07-01 20:00:00,2025-07-12 12:00:00,2025-07-06 20:00:00
ord_0239,cust_0039,delivered,2025-07-08 13:30:00,2025-07-08 16:03:00,2025-07-09 23:30:00,2025-07-10 17:30:00,2025-07-23 13:30:00
ord_0240,cust_0040,canceled,2025-09-16 01:37:00,2025-09-16 02:48:00,,,2025-09-30 01:37:00
ord_0241,cust_0041,processing,2025-07-17 13:57:00,2025-07-17 15:55:00,,,2025-07-24 13:57:00
ord_0242,cust_0042,delivered,2025-09-04 15:44:00,2025-09-04 16:43:00,2025-09-07 14:44:00,2025-09-17 09:44:00,2025-09-24 15:44:00
ord_0243,cust_0043,delivered,2025-09-17 20:29:00,2025-09-17 22:12:00,2025-09-18 11:29:00,2025-09-27 15:29:00,2025-10-03 20:29:00
ord_0244,cust_0044,delivered,2025-06-25 11:35:00,2025-06-25 12:04:00,2025-06-25 13:35:00,2025-07-03 04:35:00,2025-07-04 11:35:00
ord_0245,cust_0045,delivered,2025-09-20 05:53:00,2025-09-20 07:41:00,2025-09-21 17:53:00,2025-09-25 19:53:00,2025-10-07 05:53:00
ord_0246,cust_0046,delivered,2025-08-04 04:35:00,2025-08-04 06:12:00,2025-08-05 17:35:00,2025-08-12 22:35:00,2025-08-17 04:35:00
ord_0247,cust_0047,delivered,2025-08-25 09:10:00,2025-08-25 10:02:00,2025-08-28 02:10:00,2025-09-02 01:10:00,2025-08-28 09:10:00
ord_0248,cust_0048,delivered,2025-07-28 11:44:00,2025-07-28 14:21:00,2025-07-29 08:44:00,2025-08-05 17:44:00,2025-08-02 11:44:00
ord_0249,cust_0049,delivered,2025-08-07 03:36:00,2025-08-07 04:56:00,2025-08-08 05:36:00,2025-08-18 19:36:00,2025-08-24 03:36:00
ord_0250,cust_0050,delivered,2025-07-08 17:54:00,2025-07-08 20:05:00,2025-07-10 20:54:00,2025-07-12 11:54:00,2025-07-25 17:54:00
ord_0251,cust_0051,delivered,2025-07-29 18:30:00,2025-07-29 19:17:00,2025-07-31 07:30:00,2025-08-06 21:30:00,2025-08-15 18:30:00
ord_0252,cust_0052,delivered,2025-09-01 16:00:00,2025-09-01 16:35:00,2025-09-04 08:00:00,2025-09-15 09:00:00,2025-09-07 16:00:00
ord_0253,cust_0053,delivered,2025-06-02 02:03:00,2025-06-02 04:23:00,2025-06-04 02:03:00,2025-06-15 17:03:00,2025-06-14 02:03:00
ord_0254,cust_0054,delivered,2025-06-02 15:55:00,2025-06-02 16:15:00,2025-06-02 20:55:00,2025-06-13 18:55:00,2025-06-18 15:55:00
ord_0255,cust_0055,delivered,2025-08-25 17:48:00,2025-08-25 19:00:00,2025-08-29 13:48:00,2025-09-07 14:48:00,2025-09-05 17:48:00
ord_0256,cust_0056,shipped,2025-07-07 08:00:00,2025-07-07 10:50:00,2025-07-10 17:00:00,,2025-07-21 08:00:00
ord_0257,cust_0057,shipped,2025-09-06 09:39:00,2025-09-06 09:55:00,2025-09-10 02:39:00,,2025-09-23 09:39:00
ord_0258,cust_0058,delivered,2025-07-04 22:08:00,2025-07-04 22:15:00,2025-07-07 11:08:00,2025-07-15 21:08:00,2025-07-16 22:08:00
ord_0259,cust_0059,invoiced,2025-07-07 01:46:00,2025-07-07 03:37:00,,,2025-07-19 01:46:00
ord_0260,cust_0060,shipped,2025-08-14 11:55:00,2025-08-14 14:29:00,2025-08-18 10:55:00,,2025-08-20 11:55:00
ord_0261,cust_0061,delivered,2025-09-21 16:42:00,2025-09-21 18:08:00,2025-09-24 17:42:00,2025-10-01 01:42:00,2025-10-05 16:42:00
ord_0262,cust_0062,delivered,2025-09-08 03:40:00,2025-09-08 04:24:00,2025-09-09 13:40:00,2025-09-19 12:40:00,2025-09-27 03:40:00
ord_0263,cust_0063,processing,2025-06-19 10:57:00,2025-06-19 13:48:00,,,2025-07-01 10:57:00
ord_0264,cust_0064,invoiced,2025-09-12 13:31:00,2025-09-12 14:25:00,,,2025-09-15 13:31:00
ord_0265,cust_0065,processing,2025-06-08 14:34:00,2025-06-08 15:40:00,,,2025-06-18 14:34:00
ord_0266,cust_0066,delivered,2025-09-10 07:00:00,2025-09-10 09:46:00,2025-09-13 14:00:00,2025-09-19 04:00:00,2025-09-27 07:00:00
ord_0267,cust_0067,delivered,2025-09-02 20:58:00,2025-09-02 23:10:00,2025-09-05 04:58:00,2025-09-14 20:58:00,2025-09-16 20:58:00
ord_0268,cust_0068,delivered,2025-07-04 13:46:00,2025-07-04 13:54:00,2025-07-06 07:46:00,2025-07-16 07:46:00,2025-07-23 13:46:00
ord_0269,cust_0069,delivered,2025-09-04 03:59:00,2025-09-04 04:26:00,2025-09-05 14:59:00,2025-09-13 11:59:00,2025-09-07 03:59:00
ord_0270,cust_0070,canceled,2025-09-02 10:39:00,2025-09-02 11:51:00,,,2025-09-14 10:39:00
ord_0271,cust_0071,invoiced,2025-06-06 12:30:00,2025-06-06 14:40:00,,,2025-06-22 12:30:00
ord_0272,cust_0072,delivered,2025-08-03 20:22:00,2025-08-03 20:59:00,2025-08-06 21:22:00,2025-08-15 00:22:00,2025-08-08 20:22:00
ord_0273,cust_0073,delivered,2025-08-25 22:43:00,2025-08-25 22:51:00,2025-08-28 07:43:00,2025-09-02 11:43:00,2025-08-28 22:43:00
ord_0274,cust_0074,delivered,2025-09-18 18:30:00,2025-09-18 19:58:00,2025-09-21 02:30:00,2025-09-29 21:30:00,2025-09-28 18:30:00
ord_0275,cust_0075,canceled,2025-09-28 12:04:00,2025-09-28 14:11:00,,,2025-10-06 12:04:00
ord_0276,cust_0076,delivered,2025-09-29 06:29:00,2025-09-29 07:32:00,2025-09-29 07:29:00,2025-10-11 11:29:00,2025-10-03 06:29:00
ord_0277,cust_0077,delivered,2025-09-28 17:04:00,2025-09-28 18:47:00,2025-09-29 15:04:00,2025-10-07 05:04:00,2025-10-05 17:04:00
ord_0278,cust_0078,delivered,2025-09-09 00:54:00,2025-09-09 03:21:00,2025-09-09 11:54:00,2025-09-14 17:54:00,2025-09-14 00:54:00
ord_0279,cust_0079,delivered,2025-07-09 11:54:00,2025-07-09 13:45:00,2025-07-11 12:54:00,2025-07-17 08:54:00,2025-07-13 11:54:00
ord_0280,cust_0080,delivered,2025-07-10 05:08:00,2025-07-10 07:28:00,2025-07-12 22:08:00,2025-07-26 07:08:00,2025-07-15 05:08:00
ord_0281,cust_0081,delivered,2025-08-21 03:23:00,2025-08-21 05:42:00,2025-08-21 22:23:00,2025-09-04 15:23:00,2025-08-24 03:23:00
ord_0282,cust_0082,shipped,2025-09-20 03:23:00,2025-09-20 05:31:00,2025-09-23 22:23:00,,2025-09-30 03:23:00
ord_0283,cust_0083,delivered,2025-08-05 14:56:00,2025-08-05 16:25:00,2025-08-07 15:56:00,2025-08-16 21:56:00,2025-08-21 14:56:00
ord_0284,cust_0084,delivered,2025-06-28 17:28:00,2025-06-28 19:53:00,2025-07-01 20:28:00,2025-07-15 16:28:00,2025-07-05 17:28:00
ord_0285,cust_0085,shipped,2025-07-06 16:08:00,2025-07-06 17:41:00,2025-07-09 23:08:00,,2025-07-12 16:08:00
ord_0286,cust_0086,shipped,2025-06-21 15:43:00,2025-06-21 17:00:00,2025-06-24 05:43:00,,2025-07-11 15:43:00
ord_0287,cust_0087,delivered,2025-07-09 18:33:00,2025-07-09 19:39:00,2025-07-12 06:33:00,2025-07-13 23:33:00,2025-07-14 18:33:00
ord_0288,cust_0088,delivered,2025-08-30 06:49:00,2025-08-30 07:57:00,2025-08-31 13:49:00,2025-09-08 00:49:00,2025-09-18 06:49:00
ord_0289,cust_0089,delivered,2025-09-12 05:26:00,2025-09-12 06:33:00,2025-09-13 22:26:00,2025-09-19 22:26:00,2025-09-15 05:26:00
ord_0290,cust_0090,delivered,2025-08-03 22:42:00,2025-08-04 01:10:00,2025-08-07 17:42:00,2025-08-16 00:42:00,2025-08-14 22:42:00
ord_0291,cust_0091,delivered,2025-07-01 15:52:00,2025-07-01 16:10:00,2025-07-02 02:52:00,2025-07-07 23:52:00,2025-07-09 15:52:00
ord_0292,cust_0092,delivered,2025-06-25 01:17:00,2025-06-25 02:49:00,2025-06-27 05:17:00,2025-07-04 10:17:00,2025-06-28 01:17:00
ord_0293,cust_0093,canceled,2025-08-04 09:55:00,2025-08-04 12:25:00,,,2025-08-23 09:55:00
ord_0294,cust_0094,delivered,2025-08-06 11:31:00,2025-08-06 14:12:00,2025-08-09 04:31:00,2025-08-17 07:31:00,2025-08-13 11:31:00
ord_0295,cust_0095,shipped,2025-07-10 02:13:00,2025-07-10 04:57:00,2025-07-11 06:13:00,,2025-07-25 02:13:00
ord_0296,cust_0096,delivered,2025-06-22 02:54:00,2025-06-22 03:25:00,2025-06-25 02:54:00,2025-07-02 09:54:00,2025-07-11 02:54:00
ord_0297,cust_0097,delivered,2025-07-13 17:10:00,2025-07-13 17:50:00,2025-07-17 12:10:00,2025-07-24 18:10:00,2025-07-16 17:10:00
ord_0298,cust_0098,delivered,2025-08-04 20:09:00,2025-08-04 22:35:00,2025-08-06 14:09:00,2025-08-18 23:09:00,2025-08-21 20:09:00
ord_0299,cust_0099,processing,2025-09-01 19:46:00,2025-09-01 20:34:00,,,2025-09-04 19:46:00
ord_0300,cust_0100,delivered,2025-07-21 01:05:00,2025-07-21 03:20:00,2025-07-21 13:05:00,2025-07-29 10:05:00,2025-07-25 01:05:00
ord_0301,cust_0101,delivered,2025-06-24 02:05:00,2025-06-24 04:11:00,2025-06-27 04:05:00,2025-07-01 16:05:00,2025-07-03 02:05:00
ord_0302,cust_0102,delivered,2025-06-15 20:21:00,2025-06-15 21:42:00,2025-06-16 20:21:00,2025-06-24 12:21:00,2025-07-01 20:21:00
ord_0303,cust_0103,canceled,2025-08-30 17:31:00,2025-08-30 19:37:00,,,2025-09-07 17:31:00
ord_0304,cust_0104,invoiced,2025-07-07 12:58:00,2025-07-07 14:24:00,,,2025-07-27 12:58:00
ord_0305,cust_0105,delivered,2025-06-02 09:12:00,2025-06-02 11:41:00,2025-06-06 07:12:00,2025-06-14 06:12:00,2025-06-07 09:12:00
ord_0306,cust_0106,delivered,2025-06-02 09:06:00,2025-06-02 10:04:00,2025-06-06 05:06:00,2025-06-14 05:06:00,2025-06-10 09:06:00
ord_0307,cust_0107,delivered,2025-07-28 14:29:00,2025-07-28 14:51:00,2025-07-28 20:29:00,2025-08-11 08:29:00,2025-08-16 14:29:00
ord_0308,cust_0108,delivered,2025-08-11 07:44:00,2025-08-11 09:07:00,2025-08-14 00:44:00,2025-08-24 22:44:00,2025-08-18 07:44:00
ord_0309,cust_0109,delivered,2025-06-10 00:01:00,2025-06-10 00:40:00,2025-06-11 11:01:00,2025-06-18 07:01:00,2025-06-18 00:01:00
ord_0310,cust_0110,delivered,2025-07-07 10:04:00,2025-07-07 12:58:00,2025-07-10 17:04:00,2025-07-21 14:04:00,2025-07-13 10:04:00
ord_0311,cust_0111,delivered,2025-09-03 22:18:00,2025-09-03 22:42:00,2025-09-05 17:18:00,2025-09-10 18:18:00,2025-09-21 22:18:00
ord_0312,cust_0112,delivered,2025-07-25 14:33:00,2025-07-25 16:22:00,2025-07-28 12:33:00,2025-08-01 12:33:00,2025-08-03 14:33:00
ord_0313,cust_0113,delivered,2025-08-27 12:32:00,2025-08-27 12:50:00,2025-08-30 02:32:00,2025-09-08 06:32:00,2025-09-11 12:32:00
ord_0314,cust_0114,invoiced,2025-07-05 03:36:00,2025-07-05 04:26:00,,,2025-07-09 03:36:00
ord_0315,cust_0115,delivered,2025-07-19 00:13:00,2025-07-19 00:21:00,2025-07-21 07:13:00,2025-08-02 05:13:00,2025-07-22 00:13:00
ord_0316,cust_0116,delivered,2025-08-13 15:21:00,2025-08-13 17:38:00,2025-08-16 08:21:00,2025-08-22 10:21:00,2025-08-31 15:21:00
ord_0317,cust_0117,delivered,2025-09-17 10:02:00,2025-09-17 12:32:00,2025-09-19 23:02:00,2025-09-27 06:02:00,2025-10-02 10:02:00
ord_0318,cust_0118,delivered,2025-08-03 11:16:00,2025-08-03 11:46:00,2025-08-06 12:16:00,2025-08-13 21:16:00,2025-08-20 11:16:00
ord_0319,cust_0119,delivered,2025-06-17 03:57:00,2025-06-17 05:33:00,2025-06-17 07:57:00,2025-06-28 00:57:00,2025-06-20 03:57:00
ord_0320,cust_0120,canceled,2025-09-25 02:21:00,2025-09-25 04:49:00,,,2025-10-04 02:21:00
ord_0321,cust_0121,canceled,2025-06-24 16:02:00,2025-06-24 16:09:00,,,2025-07-11 16:02:00
ord_0322,cust_0122,delivered,2025-08-22 02:35:00,2025-08-22 05:12:00,2025-08-23 19:35:00,2025-09-04 10:35:00,2025-09-05 02:35:00
ord_0323,cust_0123,delivered,2025-09-29 12:11:00,2025-09-29 13:54:00,2025-10-02 12:11:00,2025-10-10 19:11:00,2025-10-18 12:11:00
ord_0324,cust_0124,delivered,2025-07-23 22:25:00,2025-07-23 23:50:00,2025-07-24 14:25:00,2025-07-27 14:25:00,2025-08-01 22:25:00
ord_0325,cust_0125,delivered,2025-07-20 06:39:00,2025-07-20 09:29:00,2025-07-20 10:39:00,2025-07-25 12:39:00,2025-08-07 06:39:00
ord_0326,cust_0126,delivered,2025-08-21 00:58:00,2025-08-21 03:49:00,2025-08-21 05:58:00,2025-09-02 14:58:00,2025-08-26 00:58:00
ord_0327,cust_0127,delivered,2025-08-27 16:03:00,2025-08-27 18:56:00,2025-08-27 19:03:00,2025-09-04 12:03:00,2025-09-14 16:03:00
ord_0328,cust_0128,shipped,2025-07-25 20:41:00,2025-07-25 20:59:00,2025-07-26 14:41:00,,2025-08-01 20:41:00
ord_0329,cust_0129,delivered,2025-09-05 12:06:00,2025-09-05 12:17:00,2025-09-08 06:06:00,2025-09-16 20:06:00,2025-09-18 12:06:00
ord_0330,cust_0130,canceled,2025-07-04 09:45:00,2025-07-04 12:39:00,,,2025-07-24 09:45:00
ord_0331,cust_0131,delivered,2025-07-03 20:16:00,2025-07-03 23:13:00,2025-07-06 17:16:00,2025-07-14 22:16:00,2025-07-18 20:16:00
ord_0332,cust_0132,delivered,2025-09-12 08:32:00,2025-09-12 11:05:00,2025-09-15 10:32:00,2025-09-25 08:32:00,2025-09-19 08:32:00
ord_0333,cust_0133,delivered,2025-07-15 11:28:00,2025-07-15 11:37:00,2025-07-19 05:28:00,2025-07-23 19:28:00,2025-07-20 11:28:00
ord_0334,cust_0134,delivered,2025-07-12 06:24:00,2025-07-12 07:50:00,2025-07-15 19:24:00,2025-07-23 20:24:00,2025-07-28 06:24:00
ord_0335,cust_0135,delivered,2025-09-14 13:41:00,2025-09-14 15:25:00,2025-09-15 18:41:00,2025-09-23 01:41:00,2025-09-19 13:41:00
ord_0336,cust_0136,delivered,2025-08-30 17:23:00,2025-08-30 17:46:00,2025-09-01 19:23:00,2025-09-07 18:23:00,2025-09-12 17:23:00
ord_0337,cust_0137,delivered,2025-09-29 00:11:00,2025-09-29 01:23:00,2025-10-02 15:11:00,2025-10-07 00:11:00,2025-10-13 00:11:00
ord_0338,cust_0138,delivered,2025-06-23 17:33:00,2025-06-23 19:42:00,2025-06-25 20:33:00,2025-07-04 18:33:00,2025-07-13 17:33:00
ord_0339,cust_0139,delivered,2025-06-09 14:24:00,2025-06-09 17:20:00,2025-06-11 01:24:00,2025-06-24 00:24:00,2025-06-19 14:24:00
ord_0340,cust_0140,canceled,2025-09-20 05:10:00,2025-09-20 06:25:00,,,2025-10-02 05:10:00
ord_0341,cust_0141,delivered,2025-06-23 12:27:00,2025-06-23 14:43:00,2025-06-25 16:27:00,2025-07-05 02:27:00,2025-07-02 12:27:00
ord_0342,cust_0142,shipped,2025-08-02 04:59:00,2025-08-02 05:41:00,2025-08-02 06:59:00,,2025-08-08 04:59:00
ord_0343,cust_0143,delivered,2025-07-22 13:41:00,2025-07-22 14:43:00,2025-07-26 08:41:00,2025-07-29 23:41:00,2025-07-29 13:41:00
ord_0344,cust_0144,delivered,2025-07-24 22:40:00,2025-07-25 00:55:00,2025-07-26 17:40:00,2025-08-01 06:40:00,2025-07-28 22:40:00
ord_0345,cust_0145,canceled,2025-07-11 11:27:00,2025-07-11 13:47:00,,,2025-07-15 11:27:00
ord_0346,cust_0146,delivered,2025-07-29 07:41:00,2025-07-29 08:57:00,2025-07-31 08:41:00,2025-08-02 10:41:00,2025-08-07 07:41:00
ord_0347,cust_0147,delivered,2025-07-12 15:19:00,2025-07-12 16:07:00,2025-07-15 15:19:00,2025-07-28 10:19:00,2025-07-23 15:19:00
ord_0348,cust_0148,delivered,2025-09-27 19:22:00,2025-09-27 20:06:00,2025-10-01 12:22:00,2025-10-06 17:22:00,2025-10-03 19:22:00
ord_0349,cust_0149,canceled,2025-07-01 16:18:00,2025-07-01 18:00:00,,,2025-07-11 16:18:00
ord_0350,cust_0150,delivered,2025-07-08 10:33:00,2025-07-08 11:17:00,2025-07-12 09:33:00,2025-07-18 11:33:00,2025-07-15 10:33:00
ord_0351,cust_0151,delivered,2025-09-17 04:25:00,2025-09-17 07:20:00,2025-09-20 19:25:00,2025-10-03 01:25:00,2025-10-03 04:25:00
ord_0352,cust_0152,delivered,2025-09-28 01:01:00,2025-09-28 03:07:00,2025-09-28 10:01:00,2025-10-06 09:01:00,2025-10-08 01:01:00
ord_0353,cust_0153,shipped,2025-06-13 06:06:00,2025-06-13 08:12:00,2025-06-14 08:06:00,,2025-06-26 06:06:00
ord_0354,cust_0154,canceled,2025-09-02 03:51:00,2025-09-02 05:19:00,,,2025-09-21 03:51:00
ord_0355,cust_0155,canceled,2025-08-25 13:31:00,2025-08-25 15:07:00,,,2025-09-12 13:31:00
ord_0356,cust_0156,delivered,2025-06-30 04:35:00,2025-06-30 07:13:00,2025-07-01 23:35:00,2025-07-08 04:35:00,2025-07-16 04:35:00
ord_0357,cust_0157,delivered,2025-08-26 23:45:00,2025-08-27 02:12:00,2025-08-27 11:45:00,2025-09-02 05:45:00,2025-09-05 23:45:00
ord_0358,cust_0158,canceled,2025-06-17 07:08:00,2025-06-17 09:50:00,,,2025-07-07 07:08:00
ord_0359,cust_0159,delivered,2025-06-18 03:52:00,2025-06-18 05:15:00,2025-06-21 23:52:00,2025-06-30 09:52:00,2025-06-21 03:52:00
ord_0360,cust_0160,canceled,2025-06-18 11:32:00,2025-06-18 12:16:00,,,2025-06-24 11:32:00
ord_0361,cust_0161,canceled,2025-07-30 11:16:00,2025-07-30 13:49:00,,,2025-08-03 11:16:00
ord_0362,cust_0162,delivered,2025-06-09 06:42:00,2025-06-09 08:24:00,2025-06-10 10:42:00,2025-06-19 01:42:00,2025-06-15 06:42:00
ord_0363,cust_0163,canceled,2025-06-12 00:36:00,2025-06-12 01:31:00,,,2025-06-28 00:36:00
ord_0364,cust_0164,delivered,2025-09-01 23:57:00,2025-09-02 02:26:00,2025-09-05 10:57:00,2025-09-12 13:57:00,2025-09-06 23:57:00
ord_0365,cust_0165,delivered,2025-07-28 07:06:00,2025-07-28 09:53:00,2025-07-31 03:06:00,2025-08-01 20:06:00,2025-07-31 07:06:00
ord_0366,cust_0166,delivered,2025-06-21 16:58:00,2025-06-21 18:23:00,2025-06-22 07:58:00,2025-06-30 05:58:00,2025-06-29 16:58:00
ord_0367,cust_0167,delivered,2025-09-07 19:15:00,2025-09-07 22:15:00,2025-09-08 16:15:00,2025-09-14 16:15:00,2025-09-23 19:15:00
ord_0368,cust_0168,processing,2025-08-27 02:18:00,2025-08-27 05:15:00,,,2025-09-04 02:18:00
ord_0369,cust_0169,delivered,2025-07-09 10:16:00,2025-07-09 12:39:00,2025-07-10 07:16:00,2025-07-13 13:16:00,2025-07-19 10:16:00
ord_0370,cust_0170,canceled,2025-09-06 02:21:00,2025-09-06 02:42:00,,,2025-09-22 02:21:00
ord_0371,cust_0171,delivered,2025-09-29 20:52:00,2025-09-29 23:26:00,2025-10-02 18:52:00,2025-10-11 02:52:00,2025-10-16 20:52:00
ord_0372,cust_0172,delivered,2025-07-17 13:50:00,2025-07-17 14:39:00,2025-07-19 06:50:00,2025-08-01 04:50:00,2025-07-28 13:50:00
ord_0373,cust_0173,delivered,2025-09-28 20:35:00,2025-09-28 23:32:00,2025-09-30 23:35:00,2025-10-10 14:35:00,2025-10-09 20:35:00
ord_0374,cust_0174,delivered,2025-06-12 18:10:00,2025-06-12 21:01:00,2025-06-13 20:10:00,2025-06-18 13:10:00,2025-06-15 18:10:00
ord_0375,cust_0175,shipped,2025-08-15 06:28:00,2025-08-15 07:23:00,2025-08-18 22:28:00,,2025-09-02 06:28:00
ord_0376,cust_0176,delivered,2025-09-18 23:15:00,2025-09-19 01:07:00,2025-09-22 00:15:00,2025-09-28 06:15:00,2025-09-21 23:15:00
ord_0377,cust_0177,canceled,2025-09-13 01:08:00,2025-09-13 02:48:00,,,2025-09-27 01:08:00
ord_0378,cust_0178,delivered,2025-09-04 22:20:00,2025-09-05 00:03:00,2025-09-05 21:20:00,2025-09-14 05:20:00,2025-09-19 22:20:00
ord_0379,cust_0179,shipped,2025-07-03 15:38:00,2025-07-03 17:28:00,2025-07-05 15:38:00,,2025-07-13 15:38:00
ord_0380,cust_0180,delivered,2025-06-29 07:53:00,2025-06-29 08:08:00,2025-07-02 22:53:00,2025-07-10 23:53:00,2025-07-07 07:53:00
ord_0381,cust_0181,invoiced,2025-08-05 05:10:00,2025-08-05 06:49:00,,,2025-08-25 05:10:00
ord_0382,cust_0182,delivered,2025-06-23 21:18:00,2025-06-23 23:28:00,2025-06-24 22:18:00,2025-07-01 05:18:00,2025-07-11 21:18:00
ord_0383,cust_0183,delivered,2025-08-04 19:33:00,2025-08-04 19:56:00,2025-08-07 21:33:00,2025-08-14 20:33:00,2025-08-20 19:33:00
ord_0384,cust_0184,delivered,2025-06-02 16:00:00,2025-06-02 18:37:00,2025-06-05 08:00:00,2025-06-13 21:00:00,2025-06-14 16:00:00
ord_0385,cust_0185,shipped,2025-08-01 16:49:00,2025-08-01 18:30:00,2025-08-03 15:49:00,,2025-08-05 16:49:00
ord_0386,cust_0186,processing,2025-07-08 13:22:00,2025-07-08 13:49:00,,,2025-07-14 13:22:00
ord_0387,cust_0187,shipped,2025-06-08 02:38:00,2025-06-08 03:37:00,2025-06-11 05:38:00,,2025-06-18 02:38:00
ord_0388,cust_0188,processing,2025-07-26 06:39:00,2025-07-26 09:01:00,,,2025-08-01 06:39:00
ord_0389,cust_0189,delivered,2025-06-21 00:28:00,2025-06-21 01:42:00,2025-06-23 19:28:00,2025-07-03 01:28:00,2025-06-27 00:28:00
ord_0390,cust_0190,delivered,2025-07-29 06:32:00,2025-07-29 09:04:00,2025-07-29 11:32:00,2025-08-02 01:32:00,2025-08-15 06:32:00
ord_0391,cust_0191,delivered,2025-09-19 11:34:00,2025-09-19 14:28:00,2025-09-23 01:34:00,2025-10-03 01:34:00,2025-10-09 11:34:00
ord_0392,cust_0192,delivered,2025-08-03 07:39:00,2025-08-03 08:26:00,2025-08-04 18:39:00,2025-08-09 05:39:00,2025-08-18 07:39:00
ord_0393,cust_0193,delivered,2025-08-24 11:42:00,2025-08-24 12:26:00,2025-08-26 17:42:00,2025-09-02 09:42:00,2025-09-01 11:42:00
ord_0394,cust_0194,invoiced,2025-07-21 06:11:00,2025-07-21 07:53:00,,,2025-08-09 06:11:00
ord_0395,cust_0195,delivered,2025-06-21 11:45:00,2025-06-21 12:05:00,2025-06-24 14:45:00,2025-07-03 19:45:00,2025-06-26 11:45:00
ord_0396,cust_0196,delivered,2025-09-15 19:33:00,2025-09-15 20:11:00,2025-09-19 17:33:00,2025-10-02 09:33:00,2025-09-22 19:33:00
ord_0397,cust_0197,delivered,2025-07-21 08:23:00,2025-07-21 10:54:00,2025-07-23 00:23:00,2025-07-30 02:23:00,2025-07-30 08:23:00
ord_0398,cust_0198,delivered,2025-09-11 12:29:00,2025-09-11 12:52:00,2025-09-15 10:29:00,2025-09-28 01:29:00,2025-09-18 12:29:00
ord_0399,cust_0199,shipped,2025-08-14 09:14:00,2025-08-14 09:57:00,2025-08-17 13:14:00,,2025-08-22 09:14:00
ord_0400,cust_0200,shipped,2025-09-16 22:48:00,2025-09-17 01:42:00,2025-09-18 15:48:00,,2025-09-19 22:48:00
ord_0401,cust_0001,delivered,2025-07-08 05:30:00,2025-07-08 07:20:00,2025-07-10 11:30:00,2025-07-19 08:30:00,2025-07-17 05:30:00
ord_0402,cust_0002,shipped,2025-06-26 21:08:00,2025-06-26 21:51:00,2025-06-30 19:08:00,,2025-07-07 21:08:00
ord_0403,cust_0003,delivered,2025-07-03 15:30:00,2025-07-03 16:52:00,2025-07-05 02:30:00,2025-07-12 21:30:00,2025-07-20 15:30:00
ord_0404,cust_0004,delivered,2025-09-24 08:04:00,2025-09-24 09:41:00,2025-09-27 17:04:00,2025-09-29 11:04:00,2025-09-29 08:04:00
ord_0405,cust_0005,delivered,2025-09-01 12:59:00,2025-09-01 13:36:00,2025-09-03 04:59:00,2025-09-13 23:59:00,2025-09-14 12:59:00
ord_0406,cust_0006,invoiced,2025-06-23 10:40:00,2025-06-23 13:00:00,,,2025-06-27 10:40:00
ord_0407,cust_0007,shipped,2025-06-20 16:18:00,2025-06-20 16:30:00,2025-06-23 02:18:00,,2025-07-08 16:18:00
ord_0408,cust_0008,delivered,2025-09-28 04:32:00,2025-09-28 07:17:00,2025-09-30 17:32:00,2025-10-08 01:32:00,2025-10-07 04:32:00
ord_0409,cust_0009,delivered,2025-08-07 23:06:00,2025-08-08 00:32:00,2025-08-09 22:06:00,2025-08-13 15:06:00,2025-08-21 23:06:00
ord_0410,cust_0010,delivered,2025-06-06 23:08:00,2025-06-06 23:22:00,2025-06-07 05:08:00,2025-06-16 21:08:00,2025-06-13 23:08:00
ord_0411,cust_0011,invoiced,2025-06-08 21:26:00,2025-06-08 22:14:00,,,2025-06-22 21:26:00
ord_0412,cust_0012,shipped,2025-08-04 10:15:00,2025-08-04 11:25:00,2025-08-04 16:15:00,,2025-08-13 10:15:00
ord_0413,cust_0013,invoiced,2025-06-14 10:54:00,2025-06-14 13:51:00,,,2025-06-17 10:54:00
ord_0414,cust_0014,invoiced,2025-07-09 14:04:00,2025-07-09 16:29:00,,,2025-07-21 14:04:00
ord_0415,cust_0015,shipped,2025-07-22 04:20:00,2025-07-22 04:58:00,2025-07-25 04:20:00,,2025-08-02 04:20:00
ord_0416,cust_0016,delivered,2025-08-18 17:28:00,2025-08-18 18:38:00,2025-08-20 21:28:00,2025-08-28 14:28:00,2025-08-30 17:28:00
ord_0417,cust_0017,delivered,2025-08-28 21:11:00,2025-08-28 22:39:00,2025-08-30 03:11:00,2025-09-09 03:11:00,2025-09-11 21:11:00
ord_0418,cust_0018,delivered,2025-06-20 17:09:00,2025-06-20 18:48:00,2025-06-22 16:09:00,2025-06-30 02:09:00,2025-06-27 17:09:00
ord_0419,cust_0019,delivered,2025-08-29 04:46:00,2025-08-29 07:34:00,2025-08-31 08:46:00,2025-09-11 12:46:00,2025-09-05 04:46:00
ord_0420,cust_0020,delivered,2025-09-30 01:36:00,2025-09-30 01:52:00,2025-09-30 06:36:00,2025-10-05 19:36:00,2025-10-10 01:36:00
ord_0421,cust_0021,delivered,2025-07-27 05:18:00,2025-07-27 06:40:00,2025-07-28 08:18:00,2025-08-07 12:18:00,2025-08-05 05:18:00
ord_0422,cust_0022,invoiced,2025-08-05 16:53:00,2025-08-05 17:26:00,,,2025-08-14 16:53:00
ord_0423,cust_0023,delivered,2025-07-25 11:13:00,2025-07-25 11:56:00,2025-07-25 14:13:00,2025-07-26 15:13:00,2025-08-03 11:13:00
ord_0424,cust_0024,delivered,2025-07-19 21:01:00,2025-07-19 22:56:00,2025-07-21 04:01:00,2025-08-01 03:01:00,2025-07-25 21:01:00
ord_0425,cust_0025,invoiced,2025-06-30 03:23:00,2025-06-30 05:18:00,,,2025-07-07 03:23:00
ord_0426,cust_0026,shipped,2025-09-22 20:50:00,2025-09-22 22:50:00,2025-09-25 18:50:00,,2025-10-09 20:50:00
ord_0427,cust_0027,delivered,2025-06-02 11:26:00,2025-06-02 12:33:00,2025-06-05 23:26:00,2025-06-12 23:26:00,2025-06-12 11:26:00
ord_0428,cust_0028,delivered,2025-08-02 15:10:00,2025-08-02 15:19:00,2025-08-03 14:10:00,2025-08-14 19:10:00,2025-08-22 15:10:00
ord_0429,cust_0029,invoiced,2025-08-14 21:47:00,2025-08-14 22:58:00,,,2025-08-19 21:47:00
ord_0430,cust_0030,invoiced,2025-08-30 12:51:00,2025-08-30 14:30:00,,,2025-09-18 12:51:00
ord_0431,cust_0031,delivered,2025-07-25 11:43:00,2025-07-25 12:49:00,2025-07-28 13:43:00,2025-08-01 15:43:00,2025-08-09 11:43:00
ord_0432,cust_0032,delivered,2025-06-10 23:49:00,2025-06-11 02:13:00,2025-06-12 09:49:00,2025-06-21 14:49:00,2025-06-15 23:49:00
ord_0433,cust_0033,delivered,2025-07-04 14:16:00,2025-07-04 16:23:00,2025-07-04 17:16:00,2025-07-08 06:16:00,2025-07-21 14:16:00
ord_0434,cust_0034,canceled,2025-08-18 04:59:00,2025-08-18 07:28:00,,,2025-08-28 04:59:00
ord_0435,cust_0035,delivered,2025-07-31 11:29:00,2025-07-31 11:46:00,2025-08-03 08:29:00,2025-08-14 02:29:00,2025-08-04 11:29:00
ord_0436,cust_0036,delivered,2025-07-05 21:30:00,2025-07-05 23:31:00,2025-07-08 05:30:00,2025-07-18 11:30:00,2025-07-18 21:30:00
ord_0437,cust_0037,delivered,2025-09-14 09:19:00,2025-09-14 12:02:00,2025-09-17 12:19:00,2025-09-24 07:19:00,2025-10-04 09:19:00
ord_0438,cust_0038,invoiced,2025-08-20 19:39:00,2025-08-20 21:56:00,,,2025-08-23 19:39:00
ord_0439,cust_0039,invoiced,2025-06-10 15:48:00,2025-06-10 17:59:00,,,2025-06-30 15:48:00
ord_0440,cust_0040,delivered,2025-08-16 13:36:00,2025-08-16 14:00:00,2025-08-19 17:36:00,2025-08-27 21:36:00,2025-08-24 13:36:00
ord_0441,cust_0041,delivered,2025-09-04 00:36:00,2025-09-04 01:13:00,2025-09-05 03:36:00,2025-09-17 22:36:00,2025-09-23 00:36:00
ord_0442,cust_0042,shipped,2025-07-12 23:30:00,2025-07-13 01:39:00,2025-07-15 14:30:00,,2025-07-16 23:30:00
ord_0443,cust_0043,delivered,2025-06-21 21:00:00,2025-06-21 23:29:00,2025-06-24 16:00:00,2025-06-27 23:00:00,2025-07-10 21:00:00
ord_0444,cust_0044,canceled,2025-08-12 22:53:00,2025-08-12 23:13:00,,,2025-08-16 22:53:00
ord_0445,cust_0045,invoiced,2025-08-18 20:09:00,2025-08-18 22:38:00,,,2025-08-25 20:09:00
ord_0446,cust_0046,delivered,2025-09-07 16:19:00,2025-09-07 19:10:00,2025-09-08 19:19:00,2025-09-17 09:19:00,2025-09-11 16:19:00
ord_0447,cust_0047,delivered,2025-07-04 01:02:00,2025-07-04 01:48:00,2025-07-06 15:02:00,2025-07-15 03:02:00,2025-07-18 01:02:00
ord_0448,cust_0048,canceled,2025-06-12 03:15:00,2025-06-12 03:51:00,,,2025-07-02 03:15:00
ord_0449,cust_0049,delivered,2025-09-05 15:47:00,2025-09-05 17:34:00,2025-09-05 19:47:00,2025-09-13 23:47:00,2025-09-14 15:47:00
ord_0450,cust_0050,delivered,2025-06-07 02:32:00,2025-06-07 03:01:00,2025-06-08 03:32:00,2025-06-13 07:32:00,2025-06-11 02:32:00
ord_0451,cust_0051,delivered,2025-08-01 18:59:00,2025-08-01 21:50:00,2025-08-02 05:59:00,2025-08-12 22:59:00,2025-08-17 18:59:00
ord_0452,cust_0052,delivered,2025-07-02 00:58:00,2025-07-02 02:28:00,2025-07-04 13:58:00,2025-07-15 18:58:00,2025-07-13 00:58:00
ord_0453,cust_0053,delivered,2025-07-21 02:16:00,2025-07-21 02:59:00,2025-07-23 09:16:00,2025-08-02 05:16:00,2025-07-31 02:16:00
ord_0454,cust_0054,delivered,2025-07-28 21:56:00,2025-07-28 23:15:00,2025-07-31 11:56:00,2025-08-11 08:56:00,2025-07-31 21:56:00
ord_0455,cust_0055,delivered,2025-06-08 06:48:00,2025-06-08 06:56:00,2025-06-12 05:48:00,2025-06-16 20:48:00,2025-06-16 06:48:00
ord_0456,cust_0056,invoiced,2025-07-14 22:51:00,2025-07-15 01:23:00,,,2025-08-03 22:51:00
ord_0457,cust_0057,delivered,2025-07-01 04:05:00,2025-07-01 05:07:00,2025-07-04 22:05:00,2025-07-16 10:05:00,2025-07-08 04:05:00
ord_0458,cust_0058,delivered,2025-09-17 18:20:00,2025-09-17 21:10:00,2025-09-21 08:20:00,2025-10-01 21:20:00,2025-09-27 18:20:00
ord_0459,cust_0059,processing,2025-08-16 08:55:00,2025-08-16 10:53:00,,,2025-09-04 08:55:00
ord_0460,cust_0060,canceled,2025-06-02 18:51:00,2025-06-02 19:44:00,,,2025-06-18 18:51:00
ord_0461,cust_0061,delivered,2025-09-19 06:18:00,2025-09-19 07:13:00,2025-09-22 08:18:00,2025-09-28 14:18:00,2025-09-30 06:18:00
ord_0462,cust_0062,shipped,2025-07-10 13:47:00,2025-07-10 15:58:00,2025-07-14 06:47:00,,2025-07-25 13:47:00
ord_0463,cust_0063,delivered,2025-08-28 06:26:00,2025-08-28 09:07:00,2025-08-29 22:26:00,2025-09-12 09:26:00,2025-09-12 06:26:00
ord_0464,cust_0064,delivered,2025-06-06 14:38:00,2025-06-06 15:44:00,2025-06-07 07:38:00,2025-06-17 11:38:00,2025-06-19 14:38:00
ord_0465,cust_0065,delivered,2025-06-26 10:31:00,2025-06-26 11:47:00,2025-06-26 20:31:00,2025-07-04 15:31:00,2025-07-02 10:31:00
ord_0466,cust_0066,delivered,2025-08-09 20:13:00,2025-08-09 21:12:00,2025-08-10 07:13:00,2025-08-11 18:13:00,2025-08-18 20:13:00
ord_0467,cust_0067,delivered,2025-08-18 18:10:00,2025-08-18 20:17:00,2025-08-21 11:10:00,2025-08-21 18:10:00,2025-09-03 18:10:00
ord_0468,cust_0068,canceled,2025-06-09 16:14:00,2025-06-09 17:03:00,,,2025-06-29 16:14:00
ord_0469,cust_0069,invoiced,2025-07-21 04:41:00,2025-07-21 05:00:00,,,2025-07-27 04:41:00
ord_0470,cust_0070,delivered,2025-06-30 08:57:00,2025-06-30 10:24:00,2025-07-02 15:57:00,2025-07-09 23:57:00,2025-07-06 08:57:00
ord_0471,cust_0071,delivered,2025-09-06 18:16:00,2025-09-06 20:21:00,2025-09-08 19:16:00,2025-09-16 23:16:00,2025-09-22 18:16:00
ord_0472,cust_0072,delivered,2025-08-12 09:52:00,2025-08-12 11:32:00,2025-08-13 02:52:00,2025-08-16 15:52:00,2025-09-01 09:52:00
ord_0473,cust_0073,delivered,2025-09-28 16:00:00,2025-09-28 16:51:00,2025-10-02 02:00:00,2025-10-08 05:00:00,2025-10-02 16:00:00
ord_0474,cust_0074,delivered,2025-08-14 23:22:00,2025-08-14 23:48:00,2025-08-17 19:22:00,2025-08-29 21:22:00,2025-09-01 23:22:00
ord_0475,cust_0075,delivered,2025-06-07 04:32:00,2025-06-07 05:49:00,2025-06-09 11:32:00,2025-06-20 20:32:00,2025-06-22 04:32:00
ord_0476,cust_0076,delivered,2025-09-16 20:15:00,2025-09-16 21:03:00,2025-09-18 06:15:00,2025-09-28 11:15:00,2025-10-02 20:15:00
ord_0477,cust_0077,shipped,2025-09-10 01:22:00,2025-09-10 02:41:00,2025-09-11 22:22:00,,2025-09-18 01:22:00
ord_0478,cust_0078,processing,2025-06-14 04:50:00,2025-06-14 05:11:00,,,2025-06-29 04:50:00
ord_0479,cust_0079,delivered,2025-06-06 13:49:00,2025-06-06 14:08:00,2025-06-10 01:49:00,2025-06-20 23:49:00,2025-06-25 13:49:00
ord_0480,cust_0080,delivered,2025-09-26 05:48:00,2025-09-26 07:44:00,2025-09-26 07:48:00,2025-10-03 12:48:00,2025-10-03 05:48:00
ord_0481,cust_0081,delivered,2025-09-08 03:39:00,2025-09-08 05:12:00,2025-09-11 02:39:00,2025-09-23 08:39:00,2025-09-22 03:39:00
ord_0482,cust_0082,delivered,2025-06-20 23:00:00,2025-06-21 01:20:00,2025-06-24 10:00:00,2025-07-06 04:00:00,2025-07-01 23:00:00
ord_0483,cust_0083,delivered,2025-07-23 17:09:00,2025-07-23 19:02:00,2025-07-24 01:09:00,2025-07-29 03:09:00,2025-07-30 17:09:00
ord_0484,cust_0084,delivered,2025-06-11 08:17:00,2025-06-11 09:29:00,2025-06-14 16:17:00,2025-06-19 02:17:00,2025-06-14 08:17:00
ord_0485,cust_0085,canceled,2025-08-10 23:48:00,2025-08-11 00:34:00,,,2025-08-29 23:48:00
ord_0486,cust_0086,delivered,2025-06-06 04:14:00,2025-06-06 05:37:00,2025-06-08 13:14:00,2025-06-22 04:14:00,2025-06-09 04:14:00
ord_0487,cust_0087,delivered,2025-09-28 07:54:00,2025-09-28 08:16:00,2025-09-30 10:54:00,2025-10-05 01:54:00,2025-10-12 07:54:00
ord_0488,cust_0088,delivered,2025-06-08 21:11:00,2025-06-08 21:52:00,2025-06-09 19:11:00,2025-06-21 06:11:00,2025-06-12 21:11:00
ord_0489,cust_0089,delivered,2025-09-07 03:56:00,2025-09-07 05:19:00,2025-09-08 09:56:00,2025-09-13 09:56:00,2025-09-17 03:56:00
ord_0490,cust_0090,delivered,2025-06-03 17:34:00,2025-06-03 19:47:00,2025-06-06 14:34:00,2025-06-13 14:34:00,2025-06-22 17:34:00
ord_0491,cust_0091,delivered,2025-08-17 22:47:00,2025-08-17 23:44:00,2025-08-18 05:47:00,2025-08-27 20:47:00,2025-08-29 22:47:00
ord_0492,cust_0092,delivered,2025-07-10 09:26:00,2025-07-10 11:44:00,2025-07-11 07:26:00,2025-07-20 20:26:00,2025-07-22 09:26:00
ord_0493,cust_0093,shipped,2025-08-17 12:00:00,2025-08-17 13:29:00,2025-08-17 18:00:00,,2025-09-04 12:00:00
ord_0494,cust_0094,delivered,2025-09-15 22:07:00,2025-09-15 23:53:00,2025-09-16 21:07:00,2025-09-25 23:07:00,2025-09-21 22:07:00
ord_0495,cust_0095,shipped,2025-09-11 13:27:00,2025-09-11 13:45:00,2025-09-12 16:27:00,,2025-09-20 13:27:00
ord_0496,cust_0096,canceled,2025-09-22 07:55:00,2025-09-22 10:22:00,,,2025-10-10 07:55:00
ord_0497,cust_0097,canceled,2025-07-29 00:23:00,2025-07-29 03:13:00,,,2025-08-11 00:23:00
ord_0498,cust_0098,delivered,2025-08-25 00:37:00,2025-08-25 03:37:00,2025-08-28 22:37:00,2025-09-04 04:37:00,2025-09-13 00:37:00
ord_0499,cust_0099,delivered,2025-08-18 03:49:00,2025-08-18 05:18:00,2025-08-20 09:49:00,2025-09-03 02:49:00,2025-09-05 03:49:00
ord_0500,cust_0100,delivered,2025-07-08 21:45:00,2025-07-08 23:12:00,2025-07-12 12:45:00,2025-07-22 07:45:00,2025-07-28 21:45:00
ord_0501,cust_0101,delivered,2025-06-14 17:56:00,2025-06-14 18:35:00,2025-06-15 11:56:00,2025-06-25 17:56:00,2025-07-04 17:56:00
ord_0502,cust_0102,canceled,2025-08-01 11:20:00,2025-08-01 12:41:00,,,2025-08-17 11:20:00
ord_0503,cust_0103,delivered,2025-09-07 04:53:00,2025-09-07 06:04:00,2025-09-08 14:53:00,2025-09-21 05:53:00,2025-09-18 04:53:00
ord_0504,cust_0104,delivered,2025-08-11 12:41:00,2025-08-11 14:21:00,2025-08-12 23:41:00,2025-08-21 07:41:00,2025-08-25 12:41:00
ord_0505,cust_0105,delivered,2025-06-09 00:54:00,2025-06-09 03:45:00,2025-06-10 09:54:00,2025-06-15 12:54:00,2025-06-19 00:54:00
ord_0506,cust_0106,delivered,2025-07-30 18:29:00,2025-07-30 19:29:00,2025-08-02 05:29:00,2025-08-12 03:29:00,2025-08-17 18:29:00
ord_0507,cust_0107,shipped,2025-06-03 05:56:00,2025-06-03 06:39:00,2025-06-06 17:56:00,,2025-06-07 05:56:00
ord_0508,cust_0108,delivered,2025-09-21 14:03:00,2025-09-21 17:03:00,2025-09-23 20:03:00,2025-10-02 12:03:00,2025-09-25 14:03:00
ord_0509,cust_0109,canceled,2025-08-15 09:21:00,2025-08-15 09:31:00,,,2025-09-03 09:21:00
ord_0510,cust_0110,delivered,2025-07-25 01:26:00,2025-07-25 02:57:00,2025-07-28 20:26:00,2025-07-31 10:26:00,2025-08-01 01:26:00
ord_0511,cust_0111,delivered,2025-08-14 09:14:00,2025-08-14 09:51:00,2025-08-16 14:14:00,2025-08-22 05:14:00,2025-08-17 09:14:00
ord_0512,cust_0112,invoiced,2025-06-18 19:45:00,2025-06-18 22:16:00,,,2025-06-21 19:45:00
ord_0513,cust_0113,processing,2025-07-10 14:14:00,2025-07-10 16:34:00,,,2025-07-27 14:14:00
ord_0514,cust_0114,delivered,2025-06-08 10:27:00,2025-06-08 11:50:00,2025-06-09 13:27:00,2025-06-15 12:27:00,2025-06-24 10:27:00
ord_0515,cust_0115,shipped,2025-07-22 11:15:00,2025-07-22 12:41:00,2025-07-22 18:15:00,,2025-08-08 11:15:00
ord_0516,cust_0116,delivered,2025-06-27 23:19:00,2025-06-28 02:08:00,2025-06-28 14:19:00,2025-07-04 19:19:00,2025-07-01 23:19:00
ord_0517,cust_0117,delivered,2025-09-22 00:29:00,2025-09-22 01:47:00,2025-09-22 18:29:00,2025-09-30 18:29:00,2025-09-26 00:29:00
ord_0518,cust_0118,delivered,2025-07-02 03:40:00,2025-07-02 04:17:00,2025-07-05 18:40:00,2025-07-16 09:40:00,2025-07-06 03:40:00
ord_0519,cust_0119,invoiced,2025-07-28 17:53:00,2025-07-28 18:35:00,,,2025-08-16 17:53:00
ord_0520,cust_0120,delivered,2025-06-27 05:26:00,2025-06-27 05:37:00,2025-06-28 22:26:00,2025-07-07 09:26:00,2025-07-13 05:26:00
ord_0521,cust_0121,delivered,2025-08-22 23:18:00,2025-08-22 23:57:00,2025-08-24 14:18:00,2025-09-04 12:18:00,2025-09-02 23:18:00
ord_0522,cust_0122,invoiced,2025-06-04 00:29:00,2025-06-04 02:39:00,,,2025-06-10 00:29:00
ord_0523,cust_0123,delivered,2025-09-01 11:46:00,2025-09-01 14:45:00,2025-09-03 07:46:00,2025-09-13 15:46:00,2025-09-11 11:46:00
ord_0524,cust_0124,delivered,2025-09-22 09:38:00,2025-09-22 11:58:00,2025-09-23 23:38:00,2025-09-29 05:38:00,2025-10-11 09:38:00
ord_0525,cust_0125,invoiced,2025-08-28 19:07:00,2025-08-28 19:45:00,,,2025-09-04 19:07:00
ord_0526,cust_0126,delivered,2025-08-28 00:39:00,2025-08-28 01:12:00,2025-08-31 09:39:00,2025-09-09 21:39:00,2025-09-10 00:39:00
ord_0527,cust_0127,delivered,2025-07-03 22:09:00,2025-07-04 00:40:00,2025-07-06 14:09:00,2025-07-16 06:09:00,2025-07-10 22:09:00
ord_0528,cust_0128,processing,2025-08-13 01:04:00,2025-08-13 03:29:00,,,2025-08-29 01:04:00
ord_0529,cust_0129,delivered,2025-07-02 20:53:00,2025-07-02 23:39:00,2025-07-04 03:53:00,2025-07-15 00:53:00,2025-07-20 20:53:00
ord_0530,cust_0130,shipped,2025-07-19 23:58:00,2025-07-20 02:03:00,2025-07-20 06:58:00,,2025-07-25 23:58:00
ord_0531,cust_0131,delivered,2025-06-12 05:47:00,2025-06-12 06:49:00,2025-06-16 04:47:00,2025-06-26 08:47:00,2025-06-27 05:47:00
ord_0532,cust_0132,invoiced,2025-09-05 07:26:00,2025-09-05 08:50:00,,,2025-09-08 07:26:00
ord_0533,cust_0133,delivered,2025-08-10 11:51:00,2025-08-10 13:44:00,2025-08-12 15:51:00,2025-08-18 23:51:00,2025-08-17 11:51:00
ord_0534,cust_0134,delivered,2025-08-07 14:17:00,2025-08-07 14:42:00,2025-08-08 07:17:00,2025-08-21 04:17:00,2025-08-13 14:17:00
ord_0535,cust_0135,delivered,2025-07-11 21:13:00,2025-07-11 21:36:00,2025-07-12 08:13:00,2025-07-22 02:13:00,2025-07-19 21:13:00
ord_0536,cust_0136,delivered,2025-09-28 13:17:00,2025-09-28 13:43:00,2025-09-29 18:17:00,2025-10-13 14:17:00,2025-10-14 13:17:00
ord_0537,cust_0137,delivered,2025-09-02 08:10:00,2025-09-02 08:49:00,2025-09-05 20:10:00,2025-09-11 04:10:00,2025-09-10 08:10:00
ord_0538,cust_0138,processing,2025-07-09 08:16:00,2025-07-09 10:48:00,,,2025-07-16 08:16:00
ord_0539,cust_0139,delivered,2025-09-22 18:15:00,2025-09-22 20:23:00,2025-09-25 04:15:00,2025-10-05 08:15:00,2025-10-02 18:15:00
ord_0540,cust_0140,shipped,2025-09-12 00:43:00,2025-09-12 01:37:00,2025-09-12 19:43:00,,2025-09-27 00:43:00
ord_0541,cust_0141,delivered,2025-06-23 17:51:00,2025-06-23 19:44:00,2025-06-24 00:51:00,2025-07-03 19:51:00,2025-07-01 17:51:00
ord_0542,cust_0142,delivered,2025-07-14 19:42:00,2025-07-14 20:59:00,2025-07-16 02:42:00,2025-07-29 12:42:00,2025-07-25 19:42:00
ord_0543,cust_0143,invoiced,2025-07-05 08:04:00,2025-07-05 08:46:00,,,2025-07-11 08:04:00
ord_0544,cust_0144,delivered,2025-08-29 06:11:00,2025-08-29 08:31:00,2025-08-31 22:11:00,2025-09-07 18:11:00,2025-09-02 06:11:00
ord_0545,cust_0145,delivered,2025-07-10 00:20:00,2025-07-10 02:21:00,2025-07-11 10:20:00,2025-07-15 23:20:00,2025-07-17 00:20:00
ord_0546,cust_0146,shipped,2025-07-07 10:00:00,2025-07-07 11:04:00,2025-07-10 12:00:00,,2025-07-15 10:00:00
ord_0547,cust_0147,delivered,2025-07-01 17:07:00,2025-07-01 17:13:00,2025-07-04 19:07:00,2025-07-13 20:07:00,2025-07-21 17:07:00
ord_0548,cust_0148,delivered,2025-06-19 23:24:00,2025-06-20 00:31:00,2025-06-21 15:24:00,2025-07-01 05:24:00,2025-06-25 23:24:00
ord_0549,cust_0149,delivered,2025-09-10 17:18:00,2025-09-10 18:06:00,2025-09-13 00:18:00,2025-09-23 08:18:00,2025-09-20 17:18:00
ord_0550,cust_0150,delivered,2025-06-13 23:50:00,2025-06-14 02:48:00,2025-06-16 19:50:00,2025-06-26 02:50:00,2025-06-16 23:50:00
ord_0551,cust_0151,shipped,2025-06-30 08:18:00,2025-06-30 08:48:00,2025-07-01 15:18:00,,2025-07-10 08:18:00
ord_0552,cust_0152,delivered,2025-08-14 09:44:00,2025-08-14 10:38:00,2025-08-17 05:44:00,2025-08-21 16:44:00,2025-08-17 09:44:00
ord_0553,cust_0153,delivered,2025-09-16 19:59:00,2025-09-16 22:34:00,2025-09-20 13:59:00,2025-10-01 01:59:00,2025-10-05 19:59:00
ord_0554,cust_0154,delivered,2025-08-11 00:16:00,2025-08-11 02:25:00,2025-08-14 03:16:00,2025-08-21 11:16:00,2025-08-29 00:16:00
ord_0555,cust_0155,shipped,2025-08-23 14:03:00,2025-08-23 16:16:00,2025-08-26 09:03:00,,2025-09-02 14:03:00
ord_0556,cust_0156,invoiced,2025-07-27 22:54:00,2025-07-28 01:48:00,,,2025-08-04 22:54:00
ord_0557,cust_0157,delivered,2025-09-05 20:21:00,2025-09-05 21:36:00,2025-09-09 18:21:00,2025-09-18 07:21:00,2025-09-10 20:21:00
ord_0558,cust_0158,shipped,2025-06-18 16:28:00,2025-06-18 19:24:00,2025-06-19 07:28:00,,2025-07-01 16:28:00
ord_0559,cust_0159,delivered,2025-09-12 08:35:00,2025-09-12 11:06:00,2025-09-15 07:35:00,2025-09-25 07:35:00,2025-09-20 08:35:00
ord_0560,cust_0160,delivered,2025-09-17 21:38:00,2025-09-17 23:06:00,2025-09-21 02:38:00,2025-09-22 22:38:00,2025-10-04 21:38:00
ord_0561,cust_0161,delivered,2025-09-07 10:50:00,2025-09-07 12:45:00,2025-09-09 14:50:00,2025-09-14 21:50:00,2025-09-23 10:50:00
ord_0562,cust_0162,delivered,2025-09-16 13:14:00,2025-09-16 15:40:00,2025-09-16 22:14:00,2025-09-22 02:14:00,2025-09-23 13:14:00
ord_0563,cust_0163,canceled,2025-09-13 08:30:00,2025-09-13 09:34:00,,,2025-09-19 08:30:00
ord_0564,cust_0164,delivered,2025-07-31 18:59:00,2025-07-31 21:59:00,2025-08-01 13:59:00,2025-08-10 20:59:00,2025-08-09 18:59:00
ord_0565,cust_0165,delivered,2025-07-09 13:19:00,2025-07-09 15:22:00,2025-07-12 06:19:00,2025-07-13 07:19:00,2025-07-14 13:19:00
ord_0566,cust_0166,delivered,2025-08-17 13:11:00,2025-08-17 15:12:00,2025-08-18 01:11:00,2025-08-29 13:11:00,2025-09-04 13:11:00
ord_0567,cust_0167,delivered,2025-08-19 18:21:00,2025-08-19 20:04:00,2025-08-22 03:21:00,2025-08-24 01:21:00,2025-08-27 18:21:00
ord_0568,cust_0168,shipped,2025-09-28 08:36:00,2025-09-28 11:11:00,2025-09-29 21:36:00,,2025-10-02 08:36:00
ord_0569,cust_0169,delivered,2025-08-19 19:47:00,2025-08-19 21:01:00,2025-08-22 22:47:00,2025-08-30 05:47:00,2025-08-29 19:47:00
ord_0570,cust_0170,delivered,2025-06-28 17:43:00,2025-06-28 19:17:00,2025-07-02 04:43:00,2025-07-07 16:43:00,2025-07-04 17:43:00
ord_0571,cust_0171,invoiced,2025-07-12 10:25:00,2025-07-12 13:14:00,,,2025-07-18 10:25:00
ord_0572,cust_0172,shipped,2025-06-26 21:19:00,2025-06-26 22:39:00,2025-06-30 07:19:00,,2025-07-02 21:19:00
ord_0573,cust_0173,delivered,2025-08-26 14:31:00,2025-08-26 15:16:00,2025-08-26 21:31:00,2025-09-02 05:31:00,2025-09-03 14:31:00
ord_0574,cust_0174,delivered,2025-09-17 15:43:00,2025-09-17 17:31:00,2025-09-18 19:43:00,2025-09-27 10:43:00,2025-09-21 15:43:00
ord_0575,cust_0175,invoiced,2025-07-19 15:36:00,2025-07-19 17:51:00,,,2025-07-24 15:36:00
ord_0576,cust_0176,shipped,2025-07-31 15:35:00,2025-07-31 16:04:00,2025-08-01 09:35:00,,2025-08-05 15:35:00
ord_0577,cust_0177,canceled,2025-09-23 21:05:00,2025-09-23 22:39:00,,,2025-10-13 21:05:00
ord_0578,cust_0178,delivered,2025-09-26 10:25:00,2025-09-26 10:41:00,2025-09-30 02:25:00,2025-10-12 08:25:00,2025-10-13 10:25:00
ord_0579,cust_0179,delivered,2025-06-16 18:40:00,2025-06-16 20:39:00,2025-06-19 11:40:00,2025-06-23 23:40:00,2025-06-27 18:40:00
ord_0580,cust_0180,delivered,2025-08-13 11:46:00,2025-08-13 12:36:00,2025-08-16 07:46:00,2025-08-20 17:46:00,2025-08-28 11:46:00
ord_0581,cust_0181,delivered,2025-08-25 12:46:00,2025-08-25 13:35:00,2025-08-26 20:46:00,2025-09-03 21:46:00,2025-09-09 12:46:00
ord_0582,cust_0182,invoiced,2025-06-06 03:02:00,2025-06-06 03:42:00,,,2025-06-25 03:02:00
ord_0583,cust_0183,delivered,2025-06-03 12:21:00,2025-06-03 14:40:00,2025-06-04 21:21:00,2025-06-14 00:21:00,2025-06-14 12:21:00
ord_0584,cust_0184,delivered,2025-08-08 04:18:00,2025-08-08 06:13:00,2025-08-10 05:18:00,2025-08-22 01:18:00,2025-08-24 04:18:00
ord_0585,cust_0185,delivered,2025-09-27 15:07:00,2025-09-27 17:27:00,2025-09-29 05:07:00,2025-10-10 18:07:00,2025-10-11 15:07:00
ord_0586,cust_0186,canceled,2025-08-22 02:27:00,2025-08-22 02:43:00,,,2025-08-27 02:27:00
ord_0587,cust_0187,invoiced,2025-09-03 16:35:00,2025-09-03 17:06:00,,,2025-09-10 16:35:00
ord_0588,cust_0188,canceled,2025-08-19 06:27:00,2025-08-19 07:15:00,,,2025-08-22 06:27:00
ord_0589,cust_0189,delivered,2025-07-31 12:02:00,2025-07-31 12:21:00,2025-08-01 05:02:00,2025-08-10 18:02:00,2025-08-12 12:02:00
ord_0590,cust_0190,delivered,2025-09-26 22:58:00,2025-09-26 23:53:00,2025-09-27 16:58:00,2025-10-10 08:58:00,2025-10-02 22:58:00
ord_0591,cust_0191,canceled,2025-08-07 21:08:00,2025-08-07 22:18:00,,,2025-08-15 21:08:00
ord_0592,cust_0192,delivered,2025-09-01 19:27:00,2025-09-01 20:20:00,2025-09-03 05:27:00,2025-09-12 10:27:00,2025-09-16 19:27:00
ord_0593,cust_0193,shipped,2025-06-08 19:15:00,2025-06-08 20:40:00,2025-06-10 05:15:00,,2025-06-15 19:15:00
ord_0594,cust_0194,delivered,2025-07-06 10:09:00,2025-07-06 12:44:00,2025-07-07 17:09:00,2025-07-14 20:09:00,2025-07-13 10:09:00
ord_0595,cust_0195,delivered,2025-09-24 17:55:00,2025-09-24 20:24:00,2025-09-26 13:55:00,2025-10-05 03:55:00,2025-09-29 17:55:00
ord_0596,cust_0196,delivered,2025-07-09 09:20:00,2025-07-09 10:07:00,2025-07-11 16:20:00,2025-07-24 13:20:00,2025-07-29 09:20:00
ord_0597,cust_0197,delivered,2025-09-19 11:12:00,2025-09-19 11:45:00,2025-09-22 04:12:00,2025-09-29 17:12:00,2025-10-05 11:12:00
ord_0598,cust_0198,delivered,2025-07-03 06:21:00,2025-07-03 09:03:00,2025-07-05 01:21:00,2025-07-11 04:21:00,2025-07-21 06:21:00
ord_0599,cust_0199,delivered,2025-06-22 01:44:00,2025-06-22 02:22:00,2025-06-22 04:44:00,2025-07-03 19:44:00,2025-07-07 01:44:00
ord_0600,cust_0200,delivered,2025-09-01 21:21:00,2025-09-01 22:47:00,2025-09-02 11:21:00,2025-09-13 16:21:00,2025-09-05 21:21:00
